trajectory,time,lat,lon,z,age,bathy,distance,obs,traj
7101,20304000,36.33906936645508,34.750709533691406,0,26,198.13180541992187,803.2991943359375,27,7102
6433,19612800,36.20623016357422,35.534759521484375,0,26,253.75303649902344,799.715087890625,27,6434
7593,2592000,36.44937515258789,34.26704025268555,0,26,146.249267578125,831.79400634765625,27,10
4624,17625600,34.97875213623047,35.8610954284668,0,26,108.99118041992187,778.8699951171875,27,4625
1987,14774400,34.719139099121094,35.81923294067383,0,26,219.45480346679687,769.1251220703125,27,1988
7368,24451200,34.56077575683594,35.84897994995117,0,26,108.57506561279297,781.4183349609375,27,89
7116,20304000,36.3702278137207,34.9568977355957,0,26,113.65037536621094,804.70721435546875,27,7117
6787,19958400,36.41188430786133,35.23100662231445,0,26,77.9352035522461,805.40850830078125,27,6788
6556,19699200,36.189720153808594,35.51094436645508,0,26,280.9062194824219,792.58636474609375,27,6557
136,12787200,34.84086608886719,35.85532760620117,0,26,69.84162139892578,767.59698486328125,27,137
5415,18489600,34.689727783203125,35.847740173339844,0,26,162.98583984375,770.6951904296875,27,5416
2076,14860800,34.65971755981445,35.79513168334961,0,26,243.5905303955078,772.6854248046875,27,2077
5285,18403200,34.741085052490234,35.91490173339844,0,26,21.10455894470215,769.87921142578125,27,5286
7618,3715200,36.010887145996094,35.78788757324219,0,26,263.8759765625,794.7919921875,27,35
1869,14688000,34.43547058105469,35.74387741088867,0,26,123.52460479736328,766.75775146484375,27,1870
6460,19612800,36.2982177734375,35.432952880859375,0,26,172.9537811279297,798.12982177734375,27,6461
6509,19699200,36.20261001586914,35.47869873046875,0,26,276.2662658691406,797.4866943359375,27,6510
6126,19267200,36.17863082885742,35.600040435791016,0,26,284.8349304199219,791.74920654296875,27,6127
7382,25056000,34.5159797668457,35.760108947753906,0,26,230.26515197753906,772.45147705078125,27,103
6669,19872000,36.2830924987793,35.086944580078125,0,26,120.63987731933594,797.68475341796875,27,6670
1581,14342400,34.92329788208008,35.81869888305664,0,26,283.41595458984375,780.064453125,27,1582
7711,7689600,34.416236877441406,35.828125,0,26,0,762.38922119140625,27,128
3696,16675200,34.80085754394531,35.897926330566406,0,26,15.571533203125,765.40313720703125,27,3697
6518,19699200,36.1887321472168,35.5384407043457,0,26,275.585693359375,789.42962646484375,27,6519
7643,4752000,34.73073959350586,35.90399932861328,0,26,39.14456558227539,771.2894287109375,27,60
6486,19699200,36.2990837097168,35.47001266479492,0,26,167.82156372070312,804.0633544921875,27,6487
7533,31536000,36.49753952026367,35.8984489440918,0,26,56.03801345825195,810.32720947265625,27,254
6533,19699200,36.270843505859375,35.47215270996094,0,26,192.9264678955078,796.2645263671875,27,6534
1939,14774400,34.53974914550781,35.75754928588867,0,26,328.1270446777344,768.53436279296875,27,1940
7190,20390400,36.241817474365234,34.97536849975586,0,26,169.5481719970703,806.6370849609375,27,7191
1802,14601600,34.84619903564453,35.84925079345703,0,26,84.29388427734375,772.59674072265625,27,1803
7470,28857600,36.2390251159668,35.60042190551758,0,26,215.09353637695312,842.3563232421875,27,191
6722,19958400,36.35060119628906,35.01747512817383,0,26,111.78448486328125,798.8394775390625,27,6723
6652,19872000,36.402915954589844,34.955440521240234,0,26,101.13858032226562,811.79217529296875,27,6653
7388,25315200,34.494659423828125,35.94559860229492,0,26,2.8731868267059326,771.65008544921875,27,109
6648,19872000,34.92891311645508,35.95515441894531,0,26,0,775.2412109375,27,6649
4589,17625600,34.74799728393555,35.860023498535156,0,26,94.014068603515625,768.17041015625,27,4590
2035,14860800,34.669677734375,35.81940460205078,0,26,207.36007690429687,773.1019287109375,27,2036
1937,14774400,34.72603988647461,35.809600830078125,0,26,251.66961669921875,769.436279296875,27,1938
6713,19872000,36.372676849365234,35.06898880004883,0,26,97.85123443603516,809.57757568359375,27,6714
2016,14860800,34.61243438720703,35.90437316894531,0,26,46.92491912841797,777.28631591796875,27,2017
6504,19699200,36.386512756347656,35.18916702270508,0,26,89.81493377685547,799.65045166015625,27,6505
6499,19699200,36.177833557128906,35.537349700927734,0,26,288.75909423828125,800.5302734375,27,6500
6580,19785600,36.33286666870117,35.439414978027344,0,26,143.67999267578125,800.2130126953125,27,6581
6847,20044800,36.360443115234375,35.136993408203125,0,26,96.2191162109375,797.31298828125,27,6848
7406,26092800,34.698089599609375,35.866458892822266,0,26,123.95033264160156,773.2020263671875,27,127
1817,14601600,34.702327728271484,35.878700256347656,0,26,98.71492767333984,768.24786376953125,27,1818
6839,20044800,36.413700103759766,34.808292388916016,0,26,144.80935668945313,804.3990478515625,27,6840
6846,20044800,36.39988327026367,34.89647674560547,0,26,118.75120544433594,806.2392578125,27,6847
1874,14688000,34.509525299072266,35.79978561401367,0,26,114.21392059326172,777.48016357421875,27,1875
7531,31449600,36.45613098144531,35.84589385986328,0,26,62.504119873046875,807.9869384765625,27,252
6121,19267200,36.22270202636719,35.54846954345703,0,26,231.28599548339844,793.66400146484375,27,6122
6677,19872000,36.13896942138672,35.60914993286133,0,26,321.7152404785156,792.6728515625,27,6678
6561,19785600,36.22084426879883,35.4383544921875,0,26,258.1592712402344,794.83502197265625,27,6562
7678,6307200,34.368534088134766,35.90671157836914,0,26,0,767.6134033203125,27,95
7674,6134400,35.460758209228516,34.28135299682617,0,26,96.74889373779297,837.0865478515625,27,91
6595,19785600,36.32717514038086,35.25827407836914,0,26,109.96066284179687,800.18994140625,27,6596
2467,15292800,34.544769287109375,35.90840530395508,0,26,30.644025802612305,772.1768798828125,27,2468
2150,14947200,34.79590606689453,35.81367492675781,0,26,243.03265380859375,777.33843994140625,27,2151
7700,7257600,35.114505767822266,35.921634674072266,0,26,0,776.78790283203125,27,117
6459,19612800,36.20572280883789,35.58202362060547,0,26,258.30975341796875,800.68109130859375,27,6460
7697,7084800,34.67805099487305,35.82126998901367,0,26,208.64364624023437,768.7279052734375,27,114
6895,20131200,36.432945251464844,35.36056900024414,0,26,74.80281829833984,794.36309814453125,27,6896
7806,11836800,34.37443923950195,35.74095153808594,0,26,38.01446533203125,768.71331787109375,27,223
7132,20390400,36.33119201660156,35.08979034423828,0,26,105.97869873046875,803.41943359375,27,7133
1846,14688000,34.77371597290039,35.83818817138672,0,26,114.84917449951172,773.6151123046875,27,1847
7153,20390400,36.39959716796875,35.104278564453125,0,26,89.95536804199219,803.63275146484375,27,7154
6994,20217600,36.41542434692383,35.10847473144531,0,26,86.33634948730469,801.0213623046875,27,6995
7402,25920000,34.63679504394531,35.84550476074219,0,26,148.23414611816406,772.08941650390625,27,123
7160,20390400,36.451045989990234,35.233097076416016,0,26,58.75316619873047,799.366943359375,27,7161
7707,7516800,34.65325927734375,35.91573715209961,0,26,46.25300979614258,765.2384033203125,27,124
1825,14601600,34.819393157958984,35.807918548583984,0,26,293.9133605957031,773.02789306640625,27,1826
6768,19958400,36.31342697143555,35.017372131347656,0,26,125.27647399902344,798.716064453125,27,6769
6119,19267200,36.18307113647461,35.55445098876953,0,26,283.1734619140625,799.4959716796875,27,6120
6169,19353600,36.22771453857422,35.56299591064453,0,26,227.3780059814453,799.7587890625,27,6170
6857,20044800,36.45732879638672,34.77463150024414,0,26,138.32421875,810.49017333984375,27,6858
6821,20044800,36.3090705871582,35.12071228027344,0,26,108.34842681884766,799.06890869140625,27,6822
2258,15120000,34.621978759765625,35.82707214355469,0,26,172.3144073486328,771.1785888671875,27,2259
6423,19612800,36.326873779296875,35.36809158325195,0,26,147.88575744628906,801.790771484375,27,6424
7725,8294400,34.463531494140625,35.847965240478516,0,26,0,770.51123046875,27,142
268,12960000,34.64009475708008,35.863914489746094,0,26,121.6829833984375,772.041015625,27,269
2315,15120000,34.62724685668945,35.86835479736328,0,26,106.43856811523437,771.166748046875,27,2316
1981,14774400,34.69528579711914,35.94213104248047,0,26,17.06443214416504,773.09942626953125,27,1982
7186,20390400,34.78407669067383,35.883846282958984,0,26,30.11333465576172,770.15130615234375,27,7187
6186,19353600,36.22760772705078,35.56879425048828,0,26,228.5648193359375,803.6865234375,27,6187
6761,19958400,36.410980224609375,34.779502868652344,0,26,159.53636169433594,814.75933837890625,27,6762
7570,33177600,36.20738220214844,35.04680252075195,0,26,184.28717041015625,808.9473876953125,27,291
5457,18576000,34.839656829833984,35.839359283447266,0,26,105.71463775634766,771.89813232421875,27,5458
6752,19958400,36.357418060302734,35.4211540222168,0,26,127.05242919921875,805.06341552734375,27,6753
2221,15033600,34.88027572631836,35.835086822509766,0,26,126.46096801757812,770.18804931640625,27,2222
2300,15120000,34.58720397949219,35.9162483215332,0,26,26.31305694580078,767.42877197265625,27,2301
7688,6739200,34.504417419433594,35.89567565917969,0,26,23.200576782226563,771.7593994140625,27,105
6517,19699200,36.33498764038086,35.388885498046875,0,26,142.96815490722656,794.9940185546875,27,6518
278,12960000,34.637271881103516,35.833465576171875,0,26,167.19464111328125,765.6763916015625,27,279
6488,19699200,36.3315544128418,35.448951721191406,0,26,144.1504364013672,800.54803466796875,27,6489
1820,14601600,34.6370849609375,35.87287139892578,0,26,105.85665893554687,771.37176513671875,27,1821
6830,20044800,36.35542678833008,34.85370635986328,0,26,155.49559020996094,807.765625,27,6831
5429,18489600,34.67105484008789,35.92182159423828,0,26,41.524234771728516,769.7052001953125,27,5430
6369,19526400,36.16551971435547,35.55010986328125,0,26,303.4652099609375,793.25579833984375,27,6370
4021,17020800,35.16744613647461,35.8942985534668,0,26,152.1260223388672,774.4730224609375,27,4022
6910,20131200,36.22813034057617,35.58356857299805,0,26,230.54701232910156,794.01171875,27,6911
6702,19872000,36.40645980834961,35.07192611694336,0,26,89.44408416748047,803.55206298828125,27,6703
6749,19958400,36.4197998046875,34.8851432800293,0,26,115.42569732666016,810.73760986328125,27,6750
6624,19785600,36.28097152709961,35.43670654296875,0,26,189.6026153564453,794.062255859375,27,6625
5560,18662400,34.82321548461914,35.81684875488281,0,26,231.66592407226562,772.1212158203125,27,5561
6679,19872000,36.324737548828125,35.41401672363281,0,26,150.80844116210937,791.0994873046875,27,6680
7459,28339200,36.2379035949707,35.4420166015625,0,26,236.60122680664062,870.00372314453125,27,180
4355,17366400,35.33013916015625,35.86463928222656,0,26,192.4835205078125,776.50592041015625,27,4356
6754,19958400,36.39278030395508,34.891571044921875,0,26,123.56092834472656,803.73480224609375,27,6755
7718,8035200,34.27070617675781,35.758052825927734,0,26,0,765.6424560546875,27,135
585,13305600,34.541873931884766,35.86449432373047,0,26,71.2428970336914,769.65771484375,27,586
6991,20217600,36.469242095947266,34.71377182006836,0,26,158.57508850097656,808.09967041015625,27,6992
7446,27820800,34.52085494995117,35.8253173828125,0,26,108.96886444091797,769.738525390625,27,167
6786,19958400,36.36635208129883,35.184974670410156,0,26,92.70335388183594,797.05963134765625,27,6787
6806,20044800,36.39635467529297,35.10548782348633,0,26,90.678497314453125,809.60687255859375,27,6807
6884,20131200,36.41477584838867,35.013309478759766,0,26,91.15157318115234,804.56884765625,27,6885
6760,19958400,36.29658889770508,35.35757064819336,0,26,174.65878295898437,793.673828125,27,6761
6930,20131200,36.467376708984375,34.87012481689453,0,26,102.15190887451172,804.73052978515625,27,6931
6717,19872000,36.329036712646484,35.401424407958984,0,26,147.3693084716797,791.8841552734375,27,6718
6737,19958400,36.35023880004883,35.032081604003906,0,26,110.09449005126953,803.60760498046875,27,6738
7201,20476800,35.030128479003906,35.85272216796875,0,26,241.72900390625,788.4346923828125,27,7202
6880,20131200,36.48232650756836,34.72639083862305,0,26,143.68003845214844,808.0421142578125,27,6881
1885,14688000,34.61267852783203,35.9240608215332,0,26,26.777143478393555,768.89788818359375,27,1886
1862,14688000,34.591983795166016,35.7990608215332,0,26,232.05474853515625,769.447509765625,27,1863
6630,19785600,36.18992614746094,35.55293655395508,0,26,274.58807373046875,789.649658203125,27,6631
7129,20390400,36.32661819458008,34.88872146606445,0,26,154.018798828125,801.03021240234375,27,7130
7343,23328000,33.92383575439453,35.47049331665039,0,26,331.3108825683594,775.31134033203125,27,64
7503,30240000,36.299888610839844,35.04718780517578,0,26,124.17163848876953,878.15777587890625,27,224
6532,19699200,36.34861755371094,35.4408073425293,0,26,132.1824951171875,804.23052978515625,27,6533
6074,19180800,36.19445037841797,35.59788513183594,0,26,268.4864196777344,794.870849609375,27,6075
6270,19440000,36.352142333984375,35.45762634277344,0,26,129.083251953125,799.5963134765625,27,6271
4698,17712000,34.990230560302734,35.87797546386719,0,26,0,777.27899169921875,27,4699
7023,20217600,36.42535400390625,34.66560363769531,0,26,203.6738739013672,813.11492919921875,27,7024
6705,19872000,36.274383544921875,35.188385009765625,0,26,112.01286315917969,798.619384765625,27,6706
6600,19785600,36.37852096557617,35.347408294677734,0,26,110.90225982666016,799.65753173828125,27,6601
6086,19267200,36.22008514404297,35.6166877746582,0,26,238.52772521972656,794.68316650390625,27,6087
1542,14342400,34.568267822265625,35.80412292480469,0,26,223.03060913085937,768.3988037109375,27,1543
2179,15033600,34.6302375793457,35.855751037597656,0,26,128.4034423828125,765.86053466796875,27,2180
1983,14774400,34.570987701416016,35.94886779785156,0,26,10.849746704101563,772.33544921875,27,1984
1834,14601600,34.6862907409668,35.86027145385742,0,26,142.6785888671875,767.578857421875,27,1835
5674,18748800,34.61505889892578,35.91920852661133,0,26,30.320024490356445,764.3961181640625,27,5675
6440,19612800,36.384132385253906,35.22653579711914,0,26,87.18498229980469,797.99786376953125,27,6441
5482,18576000,34.8719482421875,35.85160446166992,0,26,78.49140930175781,775.5811767578125,27,5483
1843,14688000,34.82949447631836,35.88213348388672,0,26,21.680681228637695,768.99835205078125,27,1844
6653,19872000,36.3144416809082,35.48320770263672,0,26,152.51097106933594,800.0484619140625,27,6654
7714,7862400,34.36556625366211,35.67018127441406,0,26,335.2180480957031,767.9019775390625,27,131
6867,20044800,36.322479248046875,35.44385528564453,0,26,150.96868896484375,792.85565185546875,27,6868
6984,20217600,36.4195671081543,35.16627502441406,0,26,83.79741668701172,802.51141357421875,27,6985
6222,19353600,36.23348617553711,35.604400634765625,0,26,223.1751251220703,792.39849853515625,27,6223
1851,14688000,34.56272506713867,35.78761672973633,0,26,278.3890075683594,768.90557861328125,27,1852
7022,20217600,36.3993034362793,34.931175231933594,0,26,107.84374237060547,807.4976806640625,27,7023
7158,20390400,35.006710052490234,35.85231018066406,0,26,232.19003295898437,767.3548583984375,27,7159
6820,20044800,36.27507781982422,35.5599365234375,0,26,168.3075714111328,795.63507080078125,27,6821
6848,20044800,36.34085464477539,35.021480560302734,0,26,114.77854919433594,804.713623046875,27,6849
7087,20304000,36.347652435302734,35.01707458496094,0,26,112.90440368652344,807.12518310546875,27,7088
7184,20390400,35.18296813964844,35.87455749511719,0,26,314.7308349609375,777.7259521484375,27,7185
1407,14169600,34.87989807128906,35.85664749145508,0,26,63.13196563720703,771.6478271484375,27,1408
1905,14688000,34.63996887207031,35.7745246887207,0,26,304.6781921386719,769.37481689453125,27,1906
7471,28857600,34.66545867919922,35.89055633544922,0,26,88.08751678466797,780.38519287109375,27,192
6881,20131200,36.35052490234375,34.771148681640625,0,26,186.9063720703125,815.9144287109375,27,6882
2222,15033600,34.72848129272461,35.791587829589844,0,26,313.7976379394531,767.15667724609375,27,2223
7006,20217600,36.421302795410156,34.96569061279297,0,26,93.79552459716797,807.7474365234375,27,7007
5441,18576000,34.79389190673828,35.846981048583984,0,26,90.41699981689453,774.4737548828125,27,5442
6587,19785600,36.36199951171875,35.30378723144531,0,26,109.05909729003906,800.99365234375,27,6588
6735,19958400,36.357139587402344,35.08250045776367,0,26,99.169342041015625,807.17645263671875,27,6736
1934,14774400,34.73240661621094,35.830604553222656,0,26,177.79698181152344,771.21533203125,27,1935
6782,19958400,36.34612274169922,35.48893737792969,0,26,133.8140869140625,795.49053955078125,27,6783
2343,15206400,34.62969207763672,35.96360778808594,0,26,7.451017379760742,773.6024169921875,27,2344
6416,19612800,36.32255554199219,35.450157165527344,0,26,150.54327392578125,795.10162353515625,27,6417
7561,32745600,36.52964401245117,34.67106246948242,0,26,127.76560974121094,824.83099365234375,27,282
1870,14688000,34.640560150146484,35.80447769165039,0,26,216.5183563232422,772.040771484375,27,1871
6759,19958400,36.39620590209961,34.913570404052734,0,26,113.39388275146484,803.7076416015625,27,6760
2220,15033600,34.68663024902344,35.841064453125,0,26,175.28187561035156,767.2752685546875,27,2221
6795,19958400,36.32505798339844,35.00282287597656,0,26,123.25808715820312,807.595458984375,27,6796
1800,14601600,34.75860595703125,35.85301971435547,0,26,98.01642608642578,774.39410400390625,27,1801
6694,19872000,36.45208740234375,34.8176155090332,0,26,123.10037231445312,809.2581787109375,27,6695
1883,14688000,34.75123977661133,35.7891845703125,0,26,347.7685852050781,773.49468994140625,27,1884
7716,7948800,34.32441329956055,35.68739318847656,0,26,64.60609436035156,761.9007568359375,27,133
6917,20131200,36.4586067199707,34.62399673461914,0,26,195.71615600585937,819.12322998046875,27,6918
5289,18403200,34.82632064819336,35.87709045410156,0,26,25.065486907958984,775.39044189453125,27,5290
7332,22896000,34.66118240356445,35.874107360839844,0,26,113.46295166015625,776.1019287109375,27,53
7651,5097600,34.84306335449219,35.84682083129883,0,26,89.42018127441406,767.5191650390625,27,68
7694,6998400,34.447837829589844,36.01089859008789,0,26,0,764.5938720703125,27,111
6122,19267200,36.127193450927734,35.54509735107422,0,26,347.70733642578125,793.0045166015625,27,6123
6813,20044800,36.37506866455078,35.31106948852539,0,26,104.52043914794922,800.19293212890625,27,6814
7263,20476800,34.78193664550781,35.89651870727539,0,26,21.844472885131836,769.09326171875,27,7264
4047,17020800,35.300289154052734,35.860557556152344,0,26,231.86935424804687,774.02490234375,27,4048
2114,14947200,34.57288360595703,35.8333854675293,0,26,142.4639892578125,769.60528564453125,27,2115
1882,14688000,34.676029205322266,35.84750747680664,0,26,160.67343139648437,767.22161865234375,27,1883
1736,14515200,34.794776916503906,35.798213958740234,0,26,340.35711669921875,770.18792724609375,27,1737
6932,20131200,36.39567947387695,35.29423522949219,0,26,88.6092758178711,802.07647705078125,27,6933
2194,15033600,34.485206604003906,35.85711669921875,0,26,10.06936264038086,765.64678955078125,27,2195
6797,19958400,36.33526611328125,34.92605972290039,0,26,136.52011108398437,802.7818603515625,27,6798
6923,20131200,36.346797943115234,34.92015075683594,0,26,132.97422790527344,802.16986083984375,27,6924
6888,20131200,36.326351165771484,34.860469818115234,0,26,164.51275634765625,803.1746826171875,27,6889
6913,20131200,36.425537109375,35.3349723815918,0,26,77.08259582519531,797.90582275390625,27,6914
6711,19872000,36.38724136352539,35.04539108276367,0,26,96.81605529785156,806.6966552734375,27,6712
2371,15206400,34.76072311401367,35.80046081542969,0,26,296.5570983886719,775.6920166015625,27,2372
2047,14860800,34.848087310791016,35.821868896484375,0,26,202.42005920410156,774.2220458984375,27,2048
6065,19180800,36.141517639160156,35.67588806152344,0,26,270.6549987792969,792.81219482421875,27,6066
7637,4492800,34.60979461669922,36.052581787109375,0,26,0,773.80322265625,27,54
6419,19612800,36.23434829711914,35.550838470458984,0,26,216.76992797851562,796.585205078125,27,6420
7722,8208000,34.364192962646484,35.73350524902344,0,26,61.099605560302734,765.38690185546875,27,139
7394,25574400,34.75288009643555,35.897552490234375,0,26,34.81879806518555,767.982666015625,27,115
4710,17712000,35.01997756958008,35.85871505737305,0,26,185.16896057128906,773.2386474609375,27,4711
1942,14774400,34.60928726196289,35.81401824951172,0,26,196.1123809814453,764.44635009765625,27,1943
4622,17625600,35.0974235534668,35.845645904541016,0,26,292.8314208984375,774.4569091796875,27,4623
6536,19699200,36.26130676269531,35.39647674560547,0,26,212.45721435546875,797.9168701171875,27,6537
4609,17625600,35.52332305908203,35.700382232666016,0,26,225.8509979248047,775.36968994140625,27,4610
7398,25747200,34.58380889892578,35.82999801635742,0,26,154.21351623535156,777.6527099609375,27,119
2160,15033600,34.78492736816406,35.79597091674805,0,26,342.1846923828125,764.28363037109375,27,2161
335,13046400,34.717533111572266,35.82980728149414,0,26,187.15882873535156,775.8427734375,27,336
6815,20044800,36.361881256103516,35.02212905883789,0,26,107.388427734375,803.46392822265625,27,6816
6117,19267200,36.17353439331055,35.554046630859375,0,26,294.4560241699219,794.19158935546875,27,6118
6835,20044800,36.443511962890625,34.8122444152832,0,26,129.3466796875,806.17578125,27,6836
6605,19785600,36.27449035644531,35.4704704284668,0,26,190.18426513671875,789.546142578125,27,6606
7374,24710400,34.75334167480469,35.86320114135742,0,26,81.94380187988281,779.106689453125,27,95
6983,20217600,36.49946212768555,34.66265106201172,0,26,154.50440979003906,813.1978759765625,27,6984
6957,20131200,36.3745002746582,34.7908935546875,0,26,169.37628173828125,806.4337158203125,27,6958
1699,14515200,34.77406311035156,35.855690002441406,0,26,78.94096374511719,771.43218994140625,27,1700
7744,9158400,34.32500457763672,35.801326751708984,0,26,0,773.00018310546875,27,161
7608,3283200,34.74872589111328,35.84500503540039,0,26,125.24214172363281,773.7552490234375,27,25
344,13046400,34.484344482421875,35.859737396240234,0,26,8.296995162963867,771.3763427734375,27,345
6651,19872000,36.33151626586914,35.16197204589844,0,26,101.04791259765625,798.83282470703125,27,6652
2383,15206400,34.60175323486328,35.83625793457031,0,26,145.630859375,769.32684326171875,27,2384
6879,20044800,36.387977600097656,34.78633117675781,0,26,166.2159881591797,809.38482666015625,27,6880
6837,20044800,36.30793380737305,34.90871810913086,0,26,154.62013244628906,805.94842529296875,27,6838
6939,20131200,36.30998229980469,35.49658203125,0,26,153.73184204101562,798.15777587890625,27,6940
7004,20217600,36.381614685058594,35.06120681762695,0,26,96.61187744140625,801.568115234375,27,7005
6690,19872000,36.418434143066406,34.80820083618164,0,26,142.6870880126953,812.2994384765625,27,6691
6855,20044800,35.300559997558594,35.846195220947266,0,26,300.1600036621094,780.298583984375,27,6856
7080,20304000,35.39539337158203,35.800048828125,0,26,282.103515625,786.29547119140625,27,7081
6449,19612800,36.27939224243164,35.47182846069336,0,26,185.2909698486328,805.83135986328125,27,6450
434,13132800,34.53619384765625,35.85424041748047,0,26,82.5594711303711,767.0184326171875,27,435
227,12873600,34.62679672241211,35.85169219970703,0,26,132.87266540527344,767.76434326171875,27,228
5371,18489600,36.12416458129883,35.703697204589844,0,26,253.90219116210937,787.7401123046875,27,5372
6691,19872000,36.383811950683594,35.15668869018555,0,26,92.9660873413086,806.3924560546875,27,6692
6115,19267200,36.3278923034668,35.56589126586914,0,26,134.37271118164063,799.34503173828125,27,6116
4531,17539200,34.86053466796875,35.85975646972656,0,26,58.870567321777344,775.1077880859375,27,4532
6874,20044800,36.34543228149414,35.05714416503906,0,26,107.4543228149414,800.70989990234375,27,6875
7684,6566400,34.541046142578125,35.89201736450195,0,26,42.880271911621094,769.50115966796875,27,101
61,12700800,34.572906494140625,35.89656066894531,0,26,44.18940353393555,767.75018310546875,27,62
7106,20304000,35.65822219848633,35.76169204711914,0,26,251.6980438232422,784.80938720703125,27,7107
1920,14774400,34.726966857910156,35.880401611328125,0,26,74.42582702636719,767.216796875,27,1921
7356,23932800,34.508758544921875,35.900596618652344,0,26,25.02525520324707,771.04852294921875,27,77
7626,4060800,36.294288635253906,35.425662994384766,0,26,177.3550567626953,815.199951171875,27,43
1890,14688000,34.61028289794922,35.939369201660156,0,26,17.928874969482422,767.57098388671875,27,1891
6972,20217600,36.328575134277344,34.84198760986328,0,26,169.85304260253906,799.36248779296875,27,6973
132,12787200,34.524906158447266,35.87936019897461,0,26,49.18717575073242,766.63671875,27,133
6450,19612800,36.28504943847656,35.38170623779297,0,26,188.84718322753906,803.05157470703125,27,6451
6633,19785600,36.23033905029297,35.58453369140625,0,26,227.65179443359375,790.46551513671875,27,6634
5513,18576000,34.681175231933594,35.94473648071289,0,26,16.60895538330078,771.4517822265625,27,5514
6020,19180800,36.184242248535156,35.50442886352539,0,26,288.7410583496094,794.095458984375,27,6021
7641,4665600,34.63203811645508,35.8291130065918,0,26,172.43675231933594,769.780029296875,27,58
6706,19872000,36.320186614990234,35.229957580566406,0,26,101.894287109375,799.17987060546875,27,6707
1829,14601600,34.94605255126953,35.88108444213867,0,26,0,769.05963134765625,27,1830
1959,14774400,34.614097595214844,35.77219009399414,0,26,335.0783996582031,770.74163818359375,27,1960
7685,6566400,34.56674575805664,35.863216400146484,0,26,84.60440826416016,773.4052734375,27,102
6860,20044800,35.49699783325195,35.73708724975586,0,26,71.8300552368164,773.65728759765625,27,6861
3476,16416000,35.16094207763672,35.86573791503906,0,26,324.19476318359375,778.96435546875,27,3477
1973,14774400,34.65509796142578,35.85395431518555,0,26,143.3470458984375,774.03692626953125,27,1974
6472,19612800,36.1374397277832,35.54928207397461,0,26,336.6403503417969,796.10675048828125,27,6473
2357,15206400,34.69036865234375,35.837093353271484,0,26,181.0394744873047,772.6148681640625,27,2358
6671,19872000,36.40062713623047,35.00985336303711,0,26,95.75958251953125,807.2542724609375,27,6672
1505,14256000,35.73410415649414,34.61509323120117,0,26,341.23126220703125,804.40057373046875,27,1506
6145,19267200,36.27273178100586,35.58073043823242,0,26,170.34730529785156,795.03436279296875,27,6146
2217,15033600,34.684417724609375,35.86508560180664,0,26,134.0298614501953,776.828857421875,27,2218
6454,19612800,36.249053955078125,35.55847930908203,0,26,199.1304168701172,800.5677490234375,27,6455
7088,20304000,36.34542465209961,35.000972747802734,0,26,115.80211639404297,800.69000244140625,27,7089
5414,18489600,35.16962432861328,35.87899398803711,0,26,259.9241943359375,774.59637451171875,27,5415
7364,24278400,34.694725036621094,35.7804069519043,0,26,326.6249694824219,783.3304443359375,27,85
6965,20217600,36.31631088256836,34.760562896728516,0,26,200.34812927246094,801.10546875,27,6966
6769,19958400,36.24802780151367,35.44997024536133,0,26,225.26771545410156,791.1002197265625,27,6770
1698,14515200,34.9151496887207,35.87836456298828,0,26,0,773.75396728515625,27,1699
6773,19958400,36.37738800048828,35.286293029785156,0,26,95.66106414794922,796.69549560546875,27,6774
6951,20131200,36.33588409423828,34.97837448120117,0,26,123.91290283203125,798.10064697265625,27,6952
7591,2505600,36.65937423706055,34.67389678955078,0,26,60.70458984375,828.563232421875,27,8
1534,14342400,34.8477897644043,35.825252532958984,0,26,178.45054626464844,775.6275634765625,27,1535
7104,20304000,36.18125915527344,35.073646545410156,0,26,240.31309509277344,801.587890625,27,7105
1979,14774400,34.681331634521484,35.82582473754883,0,26,201.323974609375,762.42169189453125,27,1980
4046,17020800,35.46854019165039,35.700801849365234,0,26,235.67530822753906,777.5089111328125,27,4047
7574,33350400,36.20596694946289,35.11928176879883,0,26,183.1968994140625,826.0220947265625,27,295
6927,20131200,36.380393981933594,34.97259521484375,0,26,107.17250061035156,805.4512939453125,27,6928
1814,14601600,34.950836181640625,35.87382125854492,0,26,6.572089672088623,770.53814697265625,27,1815
7177,20390400,36.28361129760742,34.94596481323242,0,26,155.79273986816406,799.5316162109375,27,7178
4673,17712000,35.508888244628906,35.714561462402344,0,26,120.96350860595703,776.53302001953125,27,4674
2185,15033600,34.82609939575195,35.81529998779297,0,26,243.34063720703125,778.117919921875,27,2186
2337,15206400,34.675479888916016,35.871341705322266,0,26,121.32215881347656,770.6719970703125,27,2338
6506,19699200,36.299320220947266,35.47697067260742,0,26,166.15887451171875,798.3232421875,27,6507
4423,17452800,35.18082046508789,35.87937545776367,0,26,276.2065734863281,779.80926513671875,27,4424
648,13392000,34.60162353515625,35.891563415527344,0,26,58.270240783691406,773.103759765625,27,649
7027,20217600,36.45336151123047,34.650428771972656,0,26,192.29486083984375,808.0211181640625,27,7028
6810,20044800,36.31439971923828,34.956932067871094,0,26,137.72637939453125,798.9964599609375,27,6811
6617,19785600,36.29599380493164,35.39798355102539,0,26,176.51864624023437,796.9578857421875,27,6618
1871,14688000,34.614437103271484,35.82880401611328,0,26,165.8404541015625,774.74560546875,27,1872
6861,20044800,36.40612030029297,35.203590393066406,0,26,82.78491973876953,799.5020751953125,27,6862
7686,6652800,34.365055084228516,35.8779182434082,0,26,0,766.17181396484375,27,103
7579,33523200,36.43561553955078,34.39120101928711,0,26,223.93995666503906,828.32269287109375,27,300
6654,19872000,36.31806182861328,35.10808181762695,0,26,107.7352294921875,803.5863037109375,27,6655
6887,20131200,36.37534713745117,34.68191909790039,0,26,212.68911743164062,813.94622802734375,27,6888
1964,14774400,34.819515228271484,35.896480560302734,0,26,13.024514198303223,770.15289306640625,27,1965
6755,19958400,36.332130432128906,35.290855407714844,0,26,126.00206756591797,801.77655029296875,27,6756
7603,3024000,36.32643508911133,34.66363525390625,0,26,229.64340209960937,799.90814208984375,27,20
6701,19872000,36.365474700927734,34.9068489074707,0,26,129.75701904296875,811.44366455078125,27,6702
1986,14774400,34.634185791015625,35.783470153808594,0,26,272.5548400878906,767.4228515625,27,1987
4080,17107200,35.14006042480469,35.87275314331055,0,26,224.66259765625,776.52154541015625,27,4081
1947,14774400,34.66426086425781,35.917213439941406,0,26,45.54692077636719,773.36785888671875,27,1948
1684,14515200,34.82313919067383,35.823509216308594,0,26,184.52296447753906,766.92236328125,27,1685
6851,20044800,36.367515563964844,34.917572021484375,0,26,124.53472900390625,812.5787353515625,27,6852
2057,14860800,34.66791915893555,35.88267135620117,0,26,101.23957824707031,774.98956298828125,27,2058
5219,18316800,35.05594253540039,35.86043167114258,0,26,134.08074951171875,779.04180908203125,27,5220
6625,19785600,36.26930618286133,35.23518371582031,0,26,155.8325653076172,793.06280517578125,27,6626
6962,20217600,36.358848571777344,34.745296478271484,0,26,194.9298095703125,804.406005859375,27,6963
1884,14688000,34.81394958496094,35.81248092651367,0,26,260.2794494628906,772.9500732421875,27,1885
7719,8035200,34.31687927246094,35.686180114746094,0,26,24.30835723876953,771.2801513671875,27,136
7443,27648000,34.63611602783203,35.911712646484375,0,26,47.42991256713867,786.88909912109375,27,164
5311,18403200,36.10670852661133,35.66666793823242,0,26,295.1896057128906,785.397705078125,27,5312
4163,17193600,35.444740295410156,35.752349853515625,0,26,132.81515502929687,777.2738037109375,27,4164
5252,18316800,34.78207015991211,35.80693054199219,0,26,275.0840148925781,772.09930419921875,27,5253
1641,14428800,34.952659606933594,35.86360168457031,0,26,65.23625946044922,775.84136962890625,27,1642
6626,19785600,36.2076530456543,35.455204010009766,0,26,277.34796142578125,785.9139404296875,27,6627
5934,19094400,36.17002487182617,35.57912063598633,0,26,301.8135986328125,797.18035888671875,27,5935
1603,14428800,34.76075744628906,35.8177490234375,0,26,212.55099487304687,777.96881103515625,27,1604
6699,19872000,36.363487243652344,34.93352508544922,0,26,122.30289459228516,813.11309814453125,27,6700
6729,19958400,36.271278381347656,35.1242561340332,0,26,115.33686828613281,793.79901123046875,27,6730
5184,18230400,34.90031433105469,35.83064270019531,0,26,162.020751953125,769.406005859375,27,5185
6799,19958400,36.349884033203125,35.14570999145508,0,26,97.82164764404297,804.633544921875,27,6800
6497,19699200,36.41331100463867,35.1060791015625,0,26,86.83716583251953,805.6650390625,27,6498
358,13046400,34.70907211303711,35.80986785888672,0,26,245.1237335205078,770.9443359375,27,359
7028,20217600,36.38456726074219,35.432430267333984,0,26,112.93256378173828,801.10137939453125,27,7029
7326,22636800,34.437503814697266,35.783531188964844,0,26,20.35776710510254,770.278564453125,27,47
3982,16934400,35.4054069519043,35.75613021850586,0,26,295.697509765625,780.04217529296875,27,3983
7551,32313600,36.267391204833984,35.64254379272461,0,26,165.1594696044922,820.13433837890625,27,272
7155,20390400,36.27427291870117,35.454158782958984,0,26,194.7577362060547,793.0009765625,27,7156
7696,7084800,34.918006896972656,35.92634582519531,0,26,0,773.58544921875,27,113
1792,14601600,34.75893783569336,35.895652770996094,0,26,32.96974182128906,772.09466552734375,27,1793
4870,17884800,35.532649993896484,35.714351654052734,0,26,132.43324279785156,775.0855712890625,27,4871
6469,19612800,36.15842819213867,35.53852844238281,0,26,311.2582702636719,788.00872802734375,27,6470
6826,20044800,36.33454895019531,35.17689514160156,0,26,98.64359283447266,799.46502685546875,27,6827
6731,19958400,36.32723617553711,35.00201416015625,0,26,122.55538940429687,806.5941162109375,27,6732
6870,20044800,36.37690734863281,34.90504837036133,0,26,125.37023162841797,810.10107421875,27,6871
5302,18403200,36.084190368652344,35.697208404541016,0,26,283.4670104980469,790.622314453125,27,5303
6770,19958400,36.345008850097656,35.063270568847656,0,26,106.37594604492187,802.36566162109375,27,6771
1622,14428800,34.68205642700195,35.79730987548828,0,26,259.4700012207031,763.01953125,27,1623
2009,14860800,34.70944595336914,35.88168716430664,0,26,87.86262512207031,771.1175537109375,27,2010
7535,31622400,36.353214263916016,35.43265151977539,0,26,129.10205078125,813.8272705078125,27,256
5406,18489600,34.90754318237305,35.86758804321289,0,26,26.8488712310791,771.78936767578125,27,5407
6730,19958400,35.51284408569336,35.71806335449219,0,26,108.10165405273437,782.07415771484375,27,6731
6238,19353600,36.12992477416992,35.54719161987305,0,26,345.0479736328125,791.72589111328125,27,6239
6780,19958400,36.38672637939453,35.20994567871094,0,26,87.21283721923828,804.41241455078125,27,6781
2411,15292800,34.605506896972656,35.863040924072266,0,26,101.2839584350586,773.4056396484375,27,2412
2165,15033600,34.523014068603516,35.867332458496094,0,26,59.81049346923828,766.7235107421875,27,2166
7092,20304000,34.708946228027344,35.827030181884766,0,26,197.43067932128906,773.56158447265625,27,7093
2551,15379200,34.7384033203125,35.885398864746094,0,26,58.36286544799805,764.9432373046875,27,2552
6878,20044800,36.326629638671875,35.03311538696289,0,26,118.13581085205078,803.912109375,27,6879
7367,24364800,34.46841812133789,35.83818817138672,0,26,0,769.3216552734375,27,88
2018,14860800,34.717010498046875,35.782283782958984,0,26,346.453857421875,773.84344482421875,27,2019
6862,20044800,36.312252044677734,35.07563018798828,0,26,114.01566314697266,805.04595947265625,27,6863
7370,24537600,34.45420455932617,35.73271179199219,0,26,183.4671630859375,774.80780029296875,27,91
6534,19699200,36.28679275512695,35.52521896362305,0,26,165.17816162109375,800.15203857421875,27,6535
7183,20390400,35.40618896484375,35.81024169921875,0,26,219.2515106201172,778.89959716796875,27,7184
7334,22982400,34.5943717956543,35.97191619873047,0,26,5.06015157699585,762.73590087890625,27,55
6171,19353600,36.14122772216797,35.52407455444336,0,26,332.72698974609375,795.0322265625,27,6172
2173,15033600,34.4036865234375,35.7679443359375,0,26,11.188338279724121,771.263671875,27,2174
2440,15292800,34.69976806640625,35.86912155151367,0,26,117.67748260498047,780.8892822265625,27,2441
2151,14947200,34.619144439697266,35.853759765625,0,26,125.08943176269531,770.00225830078125,27,2152
7119,20304000,35.077003479003906,35.852970123291016,0,26,204.42942810058594,780.89727783203125,27,7120
7488,29635200,34.88106918334961,35.84162139892578,0,26,107.36292266845703,818.44158935546875,27,209
6589,19785600,36.33051681518555,35.174705505371094,0,26,99.7324447631836,805.322265625,27,6590
6432,19612800,36.168701171875,35.52650451660156,0,26,301.5198059082031,792.73773193359375,27,6433
7360,24105600,34.66727828979492,35.80399703979492,0,26,234.1977996826172,770.9449462890625,27,81
6667,19872000,36.39652633666992,35.070281982421875,0,26,91.92613220214844,816.13494873046875,27,6668
6586,19785600,36.328826904296875,35.146881103515625,0,26,102.31173706054687,809.26092529296875,27,6587
4771,17798400,34.86575698852539,35.80698776245117,0,26,314.6441650390625,768.431640625,27,4772
4202,17193600,35.45274353027344,35.71541976928711,0,26,222.2969512939453,777.35455322265625,27,4203
2311,15120000,34.698307037353516,35.857643127441406,0,26,139.88002014160156,774.3616943359375,27,2312
6877,20044800,36.39849090576172,34.96926498413086,0,26,100.66127014160156,804.53509521484375,27,6878
7465,28598400,36.249671936035156,35.54013442993164,0,26,196.99948120117187,848.46185302734375,27,186
2090,14947200,34.74012756347656,35.80434799194336,0,26,273.11480712890625,773.68359375,27,2091
7555,32486400,36.298583984375,35.33939743041992,0,26,171.06961059570312,829.86614990234375,27,276
7706,7516800,34.531837463378906,35.78547286987305,0,26,213.67312622070312,774.52471923828125,27,123
4838,17884800,35.444122314453125,35.7191047668457,0,26,237.63998413085937,783.145751953125,27,4839
1940,14774400,34.55807876586914,35.802276611328125,0,26,221.00099182128906,767.3404541015625,27,1941
7084,20304000,36.32011413574219,34.836795806884766,0,26,174.68795776367187,802.79998779296875,27,7085
6113,19267200,36.22712326049805,35.53935623168945,0,26,225.07618713378906,791.50738525390625,27,6114
5335,18403200,36.041908264160156,35.71577072143555,0,26,306.0713195800781,787.648193359375,27,5336
6405,19612800,36.320926666259766,35.41463088989258,0,26,153.65908813476562,802.25341796875,27,6406
5253,18316800,34.74823760986328,35.94190979003906,0,26,6.679912090301514,765.69091796875,27,5254
3446,16416000,34.612239837646484,35.88870620727539,0,26,67.450775146484375,768.95269775390625,27,3447
6955,20131200,36.448055267333984,34.646270751953125,0,26,196.77880859375,815.6629638671875,27,6956
6871,20044800,36.404083251953125,35.211097717285156,0,26,82.688873291015625,803.44140625,27,6872
1750,14515200,34.785377502441406,35.80712890625,0,26,276.5304260253906,772.50408935546875,27,1751
2280,15120000,34.810646057128906,35.80539321899414,0,26,308.51788330078125,767.432373046875,27,2281
6873,20044800,36.418418884277344,35.22245788574219,0,26,75.89436340332031,803.15045166015625,27,6874
6662,19872000,36.306915283203125,35.19645690917969,0,26,100.80819702148437,805.91778564453125,27,6663
7017,20217600,35.246498107910156,35.87809753417969,0,26,233.56396484375,778.1868896484375,27,7018
6708,19872000,36.44572067260742,34.906375885009766,0,26,99.346221923828125,812.80413818359375,27,6709
6733,19958400,36.33346939086914,35.136348724365234,0,26,101.77718353271484,800.5220947265625,27,6734
6901,20131200,36.383644104003906,34.97603988647461,0,26,105.45486450195312,805.22161865234375,27,6902
1665,14428800,34.952213287353516,35.903602600097656,0,26,0,770.02606201171875,27,1666
1932,14774400,34.425880432128906,35.822357177734375,0,26,0,772.92352294921875,27,1933
2122,14947200,34.68956756591797,35.839271545410156,0,26,177.6553497314453,768.40374755859375,27,2123
6106,19267200,36.227943420410156,35.59267044067383,0,26,230.82887268066406,793.32427978515625,27,6107
6744,19958400,36.31136703491211,35.132991790771484,0,26,106.85926055908203,798.29339599609375,27,6745
6516,19699200,36.19682312011719,35.538028717041016,0,26,265.11322021484375,789.77655029296875,27,6517
121,12787200,34.5981330871582,36.070552825927734,0,26,0,771.9722900390625,27,122
6931,20131200,36.33775329589844,34.80953598022461,0,26,177.0502166748047,809.5472412109375,27,6932
2,12700800,34.71782302856445,35.818477630615234,0,26,221.7159423828125,765.906005859375,27,3
1891,14688000,34.575382232666016,35.82155990600586,0,26,175.00181579589844,777.52984619140625,27,1892
425,13132800,34.495323181152344,35.828643798828125,0,26,39.82567596435547,763.96478271484375,27,426
6741,19958400,36.35802459716797,35.22263717651367,0,26,91.479339599609375,797.53692626953125,27,6742
6655,19872000,36.314720153808594,35.314239501953125,0,26,148.31417846679687,802.69842529296875,27,6656
7474,29030400,34.7489128112793,35.824378967285156,0,26,188.54458618164062,768.3443603515625,27,195
2121,14947200,34.781578063964844,35.80138397216797,0,26,306.7205505371094,772.73004150390625,27,2122
2077,14860800,34.687705993652344,35.7803840637207,0,26,317.7236022949219,766.2464599609375,27,2078
7149,20390400,34.56046676635742,35.815242767333984,0,26,188.67559814453125,771.74951171875,27,7150
6850,20044800,36.36441421508789,34.97533416748047,0,26,112.97808837890625,807.59515380859375,27,6851
1556,14342400,34.69096374511719,35.852195739746094,0,26,154.51950073242187,769.4873046875,27,1557
1924,14774400,34.565574645996094,35.80598449707031,0,26,218.13294982910156,772.4420166015625,27,1925
26,12700800,34.699729919433594,35.87897872924805,0,26,100.58574676513672,767.67144775390625,27,27
7605,3110400,34.98338317871094,35.8624153137207,0,26,103.61683654785156,779.392578125,27,22
7601,2937600,36.25725555419922,35.05067825317383,0,26,137.9203338623047,823.82427978515625,27,18
1930,14774400,34.753273010253906,35.893463134765625,0,26,38.669673919677734,770.48126220703125,27,1931
1765,14601600,34.56829071044922,35.80336380004883,0,26,225.15208435058594,772.23663330078125,27,1766
6736,19958400,36.30305480957031,35.050453186035156,0,26,122.48841094970703,798.85540771484375,27,6737
6899,20131200,36.38332748413086,34.959842681884766,0,26,107.69015502929687,800.6854248046875,27,6900
5164,18230400,35.57906723022461,35.70723342895508,0,26,304.2267150878906,771.2349853515625,27,5165
6800,20044800,36.38311767578125,35.22127914428711,0,26,87.460418701171875,802.08087158203125,27,6801
6807,20044800,36.41197967529297,34.87181091308594,0,26,123.05742645263672,809.2606201171875,27,6808
6629,19785600,36.24740982055664,35.45354080200195,0,26,226.09092712402344,795.94415283203125,27,6630
6572,19785600,36.298866271972656,35.23771286010742,0,26,123.2042465209961,802.798095703125,27,6573
6680,19872000,36.29774475097656,35.52145767211914,0,26,158.7200469970703,798.5006103515625,27,6681
4256,17280000,36.04523849487305,35.74656677246094,0,26,278.0042419433594,786.1329345703125,27,4257
6660,19872000,36.291500091552734,35.15779113769531,0,26,108.92047119140625,799.50665283203125,27,6661
3751,16675200,35.264373779296875,35.85564041137695,0,26,302.05859375,775.34588623046875,27,3752
6430,19612800,36.18514633178711,35.49730682373047,0,26,289.9759826660156,789.5162353515625,27,6431
1907,14688000,34.745853424072266,35.88158416748047,0,26,56.78742599487305,767.836181640625,27,1908
4542,17539200,35.46502685546875,35.70566940307617,0,26,216.97463989257812,782.95733642578125,27,4543
7646,4924800,34.66975402832031,35.91110610961914,0,26,55.710384368896484,770.2578125,27,63
3320,16243200,34.83562469482422,35.85698318481445,0,26,65.726226806640625,768.42315673828125,27,3321
7539,31795200,35.069496154785156,36.024776458740234,0,26,0,774.0650634765625,27,260
7056,20304000,36.26493835449219,34.92934799194336,0,26,173.1396942138672,796.85589599609375,27,7057
7025,20217600,36.26404571533203,34.912742614746094,0,26,180.4083709716797,798.29669189453125,27,7026
5419,18489600,35.39720916748047,35.72068405151367,0,26,348.3376159667969,775.96826171875,27,5420
7033,20217600,36.482826232910156,34.5886344909668,0,26,196.6863555908203,814.51483154296875,27,7034
6512,19699200,36.31545639038086,35.30213165283203,0,26,143.8614501953125,792.78192138671875,27,6513
6552,19699200,36.28146743774414,35.466617584228516,0,26,184.95596313476562,798.98388671875,27,6553
6838,20044800,36.355247497558594,34.947200775146484,0,26,122.33454895019531,808.13885498046875,27,6839
7105,20304000,36.391815185546875,35.281558990478516,0,26,88.6422119140625,797.58428955078125,27,7106
7472,28944000,34.672119140625,35.868995666503906,0,26,124.32141876220703,771.00250244140625,27,193
6159,19267200,36.168121337890625,35.5526123046875,0,26,300.7028503417969,793.65777587890625,27,6160
4255,17280000,35.47263717651367,35.709800720214844,0,26,171.19845581054687,782.68878173828125,27,4256
6453,19612800,36.20357894897461,35.513797760009766,0,26,263.007080078125,797.6600341796875,27,6454
6921,20131200,36.36292266845703,34.85285186767578,0,26,152.04969787597656,802.109130859375,27,6922
6766,19958400,36.34026336669922,34.97740936279297,0,26,122.30249786376953,806.419189453125,27,6767
7638,4579200,34.7138786315918,35.91431427001953,0,26,35.597923278808594,768.49652099609375,27,55
6902,20131200,36.38542938232422,34.79550552368164,0,26,163.03334045410156,809.8277587890625,27,6903
6646,19872000,36.31465148925781,35.13200759887695,0,26,106.21537780761719,801.3857421875,27,6647
6805,20044800,36.41569137573242,35.324222564697266,0,26,82.56829071044922,804.64404296875,27,6806
7108,20304000,36.41342544555664,35.496700286865234,0,26,101.16645050048828,799.96612548828125,27,7109
6634,19785600,36.34876251220703,35.22899627685547,0,26,93.8967514038086,800.70343017578125,27,6635
6775,19958400,36.37907409667969,35.23727035522461,0,26,87.94972229003906,808.128173828125,27,6776
1919,14688000,34.52930450439453,35.926883697509766,0,26,19.143198013305664,772.87554931640625,27,1920
361,13046400,34.6252326965332,35.84647750854492,0,26,140.37986755371094,774.42095947265625,27,362
7774,10454400,34.25749206542969,35.68490219116211,0,26,0,772.05035400390625,27,191
144,12787200,34.4874267578125,35.95637512207031,0,26,0.23540721833705902,766.75091552734375,27,145
6623,19785600,36.28969192504883,35.37760543823242,0,26,183.81590270996094,797.7677001953125,27,6624
6585,19785600,36.35483169555664,35.21413040161133,0,26,91.55855560302734,801.91754150390625,27,6586
6696,19872000,36.30602264404297,35.49410629272461,0,26,157.2651824951172,799.723388671875,27,6697
2174,15033600,34.587677001953125,35.82081604003906,0,26,178.22637939453125,768.93414306640625,27,2175
5313,18403200,35.47015380859375,35.69289779663086,0,26,280.79644775390625,778.95343017578125,27,5314
1762,14601600,34.896636962890625,35.82694625854492,0,26,184.4728240966797,777.11920166015625,27,1763
6540,19699200,36.25315856933594,35.45281219482422,0,26,219.23634338378906,793.04296875,27,6541
6301,19440000,36.214839935302734,35.53850555419922,0,26,241.4285430908203,794.84893798828125,27,6302
6529,19699200,36.237060546875,35.512603759765625,0,26,221.7399139404297,788.26470947265625,27,6530
7657,5356800,34.77233123779297,35.91983413696289,0,26,9.320544242858887,769.30938720703125,27,74
6723,19958400,36.377967834472656,34.923648834228516,0,26,118.4753646850586,810.35992431640625,27,6724
7089,20304000,35.549842834472656,35.77526092529297,0,26,0,783.20263671875,27,7090
4747,17798400,34.9368896484375,35.834259033203125,0,26,182.3828125,768.24237060546875,27,4748
7396,25660800,34.554054260253906,35.855010986328125,0,26,93.00627899169922,776.53662109375,27,117
7165,20390400,36.402122497558594,34.75954055786133,0,26,173.5648651123047,808.68243408203125,27,7166
6543,19699200,36.15742111206055,35.52264404296875,0,26,315.0751953125,794.463623046875,27,6544
5899,19008000,35.27349853515625,35.86446762084961,0,26,234.3274688720703,774.77362060546875,27,5900
6548,19699200,36.34175491333008,35.39345169067383,0,26,138.22975158691406,802.3055419921875,27,6549
6642,19872000,36.326229095458984,35.20648956298828,0,26,95.12725830078125,801.8958740234375,27,6643
4628,17625600,34.96624755859375,35.852386474609375,0,26,154.33349609375,770.5535888671875,27,4629
98,12787200,34.512996673583984,35.8961296081543,0,26,30.855419158935547,772.16387939453125,27,99
7259,20476800,36.33854675292969,35.48277282714844,0,26,138.22532653808594,790.6671142578125,27,7260
6791,19958400,36.30464553833008,35.00609588623047,0,26,130.35025024414062,802.32769775390625,27,6792
6866,20044800,36.3787956237793,35.067867279052734,0,26,96.5018539428711,798.9906005859375,27,6867
7699,7171200,35.21420669555664,35.91099548339844,0,26,41.808589935302734,772.846435546875,27,116
1978,14774400,34.666419982910156,35.82570266723633,0,26,193.9461212158203,768.48358154296875,27,1979
6704,19872000,36.36135482788086,35.297210693359375,0,26,106.721435546875,797.1737060546875,27,6705
6710,19872000,36.4213981628418,34.95896530151367,0,26,94.5489273071289,810.21820068359375,27,6711
6017,19180800,36.12700271606445,35.522457122802734,0,26,347.2168273925781,789.1767578125,27,6018
1786,14601600,34.759674072265625,35.79419708251953,0,26,326.270263671875,769.82525634765625,27,1787
6798,19958400,36.39679718017578,34.98627471923828,0,26,99.31061553955078,805.64923095703125,27,6799
6565,19785600,36.21342468261719,35.597999572753906,0,26,247.1552276611328,788.501953125,27,6566
6591,19785600,36.2491340637207,35.54106140136719,0,26,197.35765075683594,800.481201171875,27,6592
7457,28252800,34.82786178588867,35.855918884277344,0,26,67.47663116455078,788.65582275390625,27,178
7695,6998400,34.52574157714844,36.0475959777832,0,26,0,769.6328125,27,112
1749,14515200,34.782630920410156,35.859561920166016,0,26,68.306732177734375,773.45477294921875,27,1750
6922,20131200,36.331565856933594,34.810760498046875,0,26,178.83091735839844,800.41156005859375,27,6923
3990,16934400,35.1439323425293,35.87874221801758,0,26,210.71815490722656,778.350341796875,27,3991
1970,14774400,35.01893615722656,35.85393524169922,0,26,237.63763427734375,780.0118408203125,27,1971
5505,18576000,34.594852447509766,35.91435241699219,0,26,29.29943084716797,771.78778076171875,27,5506
1670,14428800,34.89480209350586,35.907005310058594,0,26,0.1396944671869278,772.2431640625,27,1671
6149,19267200,36.26156997680664,35.6302604675293,0,26,176.8204345703125,797.35369873046875,27,6150
1565,14342400,35.06671905517578,35.85563278198242,0,26,172.9302215576172,770.14349365234375,27,1566
6507,19699200,36.30683517456055,35.37962341308594,0,26,164.56106567382812,797.65948486328125,27,6508
6809,20044800,36.3441047668457,34.92170715332031,0,26,133.75726318359375,803.44012451171875,27,6810
1546,14342400,34.67146682739258,35.77534866333008,0,26,321.01904296875,770.6556396484375,27,1547
1916,14688000,34.79582214355469,35.83525848388672,0,26,113.72212982177734,771.9986572265625,27,1917
4537,17539200,34.93598937988281,35.866432189941406,0,26,38.1305046081543,772.47607421875,27,4538
1840,14688000,34.804080963134766,35.80133819580078,0,26,330.15411376953125,772.36767578125,27,1841
6905,20131200,36.49235534667969,34.75917053222656,0,26,123.82027435302734,808.733154296875,27,6906
6819,20044800,36.399600982666016,34.752769470214844,0,26,178.1171112060547,805.9031982421875,27,6820
5375,18489600,34.90589141845703,35.859130859375,0,26,56.72091293334961,772.7752685546875,27,5376
6914,20131200,36.35801696777344,35.01051712036133,0,26,110.02474975585937,798.280029296875,27,6915
6293,19440000,36.14574432373047,35.58904266357422,0,26,327.445068359375,793.79254150390625,27,6294
7713,7776000,34.207698822021484,35.67390823364258,0,26,0,768.2352294921875,27,130
4337,17366400,35.497440338134766,35.71780776977539,0,26,119.88782501220703,776.0908203125,27,4338
1967,14774400,34.78597640991211,35.80093002319336,0,26,313.9461669921875,768.4163818359375,27,1968
7454,28166400,34.62655258178711,35.89468765258789,0,26,67.43336486816406,779.45721435546875,27,175
138,12787200,34.72816848754883,35.86802291870117,0,26,96.13427734375,769.13580322265625,27,139
7036,20217600,36.439239501953125,35.43059158325195,0,26,86.531036376953125,797.26934814453125,27,7037
6668,19872000,36.34267807006836,35.25895309448242,0,26,102.48506927490234,801.09375,27,6669
7069,20304000,36.412445068359375,35.4630126953125,0,26,101.58003234863281,795.48101806640625,27,7070
7598,2851200,35.44758987426758,35.70448684692383,0,26,280.81158447265625,784.24603271484375,27,15
893,13651200,34.70943069458008,35.86540603637695,0,26,116.8182601928711,760.8018798828125,27,894
3691,16675200,35.465152740478516,35.70226287841797,0,26,237.1470947265625,778.93328857421875,27,3692
6985,20217600,35.318031311035156,35.8455810546875,0,26,289.2624816894531,778.16961669921875,27,6986
7058,20304000,36.37470626831055,35.41962432861328,0,26,118.01677703857422,797.54705810546875,27,7059
1823,14601600,34.766666412353516,35.9551887512207,0,26,0.8795976638793945,767.14312744140625,27,1824
1738,14515200,34.96237564086914,35.831199645996094,0,26,288.5572509765625,772.1168212890625,27,1739
3706,16675200,35.11371994018555,35.88058090209961,0,26,48.16363525390625,778.1055908203125,27,3707
6858,20044800,36.4061164855957,34.96083450317383,0,26,99.18144226074219,801.19952392578125,27,6859
6698,19872000,36.38095474243164,35.014278411865234,0,26,101.87374114990234,804.82037353515625,27,6699
6778,19958400,36.288326263427734,35.137115478515625,0,26,110.96574401855469,797.09515380859375,27,6779
6682,19872000,36.306270599365234,35.258785247802734,0,26,126.85394287109375,795.58953857421875,27,6683
6492,19699200,36.23019027709961,35.43558883666992,0,26,244.69085693359375,798.090087890625,27,6493
5376,18489600,34.703208923339844,35.86515808105469,0,26,122.25239562988281,772.95416259765625,27,5377
6426,19612800,36.19956588745117,35.50321960449219,0,26,270.81219482421875,791.83917236328125,27,6427
3766,16761600,35.142879486083984,35.872764587402344,0,26,240.429931640625,769.996337890625,27,3767
5452,18576000,34.86274337768555,35.87788772583008,0,26,18.011510848999023,773.31915283203125,27,5453
2304,15120000,34.6606330871582,35.8794059753418,0,26,104.92021942138672,772.37066650390625,27,2305
4136,17107200,35.43666076660156,35.750396728515625,0,26,151.2927703857422,780.5035400390625,27,4137
6987,20217600,36.28483581542969,34.95063018798828,0,26,153.666748046875,806.87701416015625,27,6988
6792,19958400,36.379737854003906,35.204063415527344,0,26,88.68718719482422,803.39044189453125,27,6793
6933,20131200,36.416969299316406,34.702880859375,0,26,194.0605926513672,809.73773193359375,27,6934
7358,24019200,34.6180534362793,35.819087982177734,0,26,187.10096740722656,777.94024658203125,27,79
6906,20131200,36.46923828125,34.53802490234375,0,26,215.95945739746094,818.3079833984375,27,6907
6904,20131200,36.43950653076172,35.198875427246094,0,26,70.42897033691406,797.775634765625,27,6905
1702,14515200,34.72218704223633,35.84995651245117,0,26,139.32740783691406,769.14642333984375,27,1703
6732,19958400,36.48714065551758,34.7066535949707,0,26,148.939697265625,810.4202880859375,27,6733
1647,14428800,34.8276481628418,35.8707275390625,0,26,35.51072692871094,767.21820068359375,27,1648
6975,20217600,36.39655685424805,34.612648010253906,0,26,230.45343017578125,813.2080078125,27,6976
7361,24105600,34.59392547607422,35.80623245239258,0,26,214.2319793701172,779.9996337890625,27,82
2340,15206400,34.55180358886719,35.93861770629883,0,26,13.948402404785156,767.77386474609375,27,2341
6949,20131200,36.39613342285156,34.708988189697266,0,26,200.9713897705078,810.868896484375,27,6950
6022,19180800,36.144805908203125,35.56524658203125,0,26,330.2999572753906,794.70953369140625,27,6023
6344,19526400,36.291221618652344,35.4633903503418,0,26,176.662353515625,792.015380859375,27,6345
6619,19785600,36.30788803100586,35.330169677734375,0,26,159.88739013671875,801.8619384765625,27,6620
6687,19872000,36.34492492675781,35.29079055786133,0,26,115.3062515258789,798.6248779296875,27,6688
6291,19440000,36.32329177856445,35.40538787841797,0,26,151.62564086914062,802.7269287109375,27,6292
7648,5011200,34.964778900146484,35.831478118896484,0,26,294.44268798828125,771.66351318359375,27,65
6052,19180800,36.208580017089844,35.51123046875,0,26,257.5417785644531,795.817626953125,27,6053
7146,20390400,35.39536666870117,35.83025360107422,0,26,204.741455078125,779.5880126953125,27,7147
7009,20217600,36.37495803833008,34.93538284301758,0,26,116.92961883544922,800.22265625,27,7010
6718,19872000,36.324684143066406,35.01211929321289,0,26,121.99065399169922,811.16131591796875,27,6719
6597,19785600,36.41145324707031,34.99701690673828,0,26,93.349090576171875,813.37213134765625,27,6598
7076,20304000,36.461143493652344,35.3155403137207,0,26,50.12992858886719,797.76812744140625,27,7077
7403,25920000,34.600433349609375,35.83159637451172,0,26,154.35316467285156,773.734130859375,27,124
103,12787200,34.724098205566406,35.800498962402344,0,26,280.64691162109375,776.16082763671875,27,104
7819,12355200,34.7365608215332,35.861759185791016,0,26,101.71781158447266,771.7535400390625,27,236
7534,31622400,35.213844299316406,35.953487396240234,0,26,0,785.11236572265625,27,255
6615,19785600,36.29708480834961,35.26162338256836,0,26,142.13150024414062,806.39990234375,27,6616
7453,28080000,36.02071762084961,35.714622497558594,0,26,328.2100524902344,858.8126220703125,27,174
7813,12096000,34.56011199951172,35.88749313354492,0,26,49.021697998046875,769.24969482421875,27,230
6843,20044800,36.37860870361328,35.14235305786133,0,26,93.54219055175781,797.40582275390625,27,6844
7040,20304000,35.44280242919922,35.73400115966797,0,26,191.40431213378906,777.9168701171875,27,7041
7677,6220800,34.567325592041016,35.901947021484375,0,26,37.64554214477539,768.2938232421875,27,94
6647,19872000,36.3546257019043,35.155582427978516,0,26,96.552337646484375,804.16131591796875,27,6648
1996,14774400,34.778045654296875,35.840179443359375,0,26,109.38641357421875,780.01800537109375,27,1997
7194,20390400,36.44780731201172,35.321022033691406,0,26,60.1127815246582,801.50677490234375,27,7195
7450,27993600,34.491641998291016,35.86946487426758,0,26,16.99894905090332,772.90185546875,27,171
6748,19958400,36.32601547241211,35.033565521240234,0,26,118.28076934814453,807.85260009765625,27,6749
7103,20304000,35.21527862548828,35.87255096435547,0,26,321.34283447265625,779.65283203125,27,7104
6816,20044800,36.38456344604492,34.99524688720703,0,26,102.63160705566406,803.58026123046875,27,6817
5348,18403200,36.26886749267578,35.627098083496094,0,26,166.3324432373047,792.1549072265625,27,5349
6986,20217600,36.44387435913086,34.75259017944336,0,26,156.31838989257812,811.209228515625,27,6987
5423,18489600,36.09744644165039,35.74560546875,0,26,251.6191864013672,791.13507080078125,27,5424
2167,15033600,34.47914123535156,35.86299133300781,0,26,0,768.08917236328125,27,2168
7310,21945600,34.46857452392578,35.76531219482422,0,26,76.63745880126953,771.75286865234375,27,31
6569,19785600,36.395687103271484,35.015987396240234,0,26,96.77516174316406,803.86505126953125,27,6570
6142,19267200,36.20560836791992,35.45476531982422,0,26,280.1352844238281,795.37701416015625,27,6143
6912,20131200,36.50589370727539,34.648555755615234,0,26,152.41494750976562,815.18902587890625,27,6913
7359,24019200,34.599266052246094,35.944854736328125,0,26,13.898417472839355,768.68377685546875,27,80
6971,20217600,36.41769790649414,35.31573486328125,0,26,80.06409454345703,797.014404296875,27,6972
6071,19180800,36.20942687988281,35.57567596435547,0,26,252.72137451171875,799.90289306640625,27,6072
1798,14601600,34.49094772338867,35.943443298339844,0,26,2.5545852184295654,775.52947998046875,27,1799
4562,17625600,34.86043930053711,35.8524284362793,0,26,77.25557708740234,767.56097412109375,27,4563
6982,20217600,36.376930236816406,34.60871505737305,0,26,237.08453369140625,809.50543212890625,27,6983
6859,20044800,36.317447662353516,35.063533782958984,0,26,115.09932708740234,794.4755859375,27,6860
7093,20304000,36.13828659057617,35.54612350463867,0,26,335.0318908691406,786.383056640625,27,7094
6581,19785600,36.29182815551758,35.5206413269043,0,26,162.84449768066406,794.25933837890625,27,6582
7513,30672000,35.42716979980469,35.842777252197266,0,26,97.56523132324219,773.07470703125,27,234
6643,19872000,36.345855712890625,35.318359375,0,26,126.02474212646484,801.994873046875,27,6644
3823,16761600,34.955753326416016,35.89285659790039,0,26,0,772.2789306640625,27,3824
1999,14774400,34.594459533691406,35.861724853515625,0,26,98.7318344116211,768.660888671875,27,2000
6675,19872000,36.30771255493164,35.36650466918945,0,26,162.93772888183594,795.31646728515625,27,6676
2373,15206400,34.686180114746094,35.87348937988281,0,26,120.30393981933594,768.89166259765625,27,2374
6640,19872000,36.3511962890625,35.39023971557617,0,26,131.62339782714844,800.07061767578125,27,6641
3618,16588800,34.74735641479492,35.88542556762695,0,26,51.32405090332031,766.7193603515625,27,3619
3405,16329600,34.517276763916016,35.88685607910156,0,26,40.011749267578125,775.4002685546875,27,3406
2010,14860800,34.6279411315918,35.78358840942383,0,26,275.0708312988281,770.12957763671875,27,2011
6789,19958400,36.36591720581055,35.449180603027344,0,26,122.16240692138672,801.871337890625,27,6790
7136,20390400,36.337154388427734,35.125789642333984,0,26,101.39395141601562,796.1241455078125,27,7137
5336,18403200,36.0450325012207,35.704952239990234,0,26,314.0520324707031,782.6973876953125,27,5337
7537,31708800,35.46255874633789,35.89423370361328,0,26,6.724108695983887,783.26190185546875,27,258
6316,19440000,36.28814697265625,35.37139892578125,0,26,185.3016815185547,799.2178955078125,27,6317
6132,19267200,36.19416809082031,35.59573745727539,0,26,269.41021728515625,793.3123779296875,27,6133
6725,19958400,36.1890754699707,35.56489562988281,0,26,277.0987854003906,798.42974853515625,27,6726
4248,17280000,35.49956130981445,35.712581634521484,0,26,131.8730926513672,777.427490234375,27,4249
7571,33177600,36.55511474609375,34.45582580566406,0,26,122.61383056640625,821.91998291015625,27,292
7528,31363200,35.46505355834961,35.696495056152344,0,26,272.2872009277344,780.49981689453125,27,249
1904,14688000,34.566993713378906,35.877227783203125,0,26,60.48227310180664,775.41876220703125,27,1905
4695,17712000,34.589317321777344,35.92139434814453,0,26,23.93086814880371,765.13116455078125,27,4696
6670,19872000,36.35616683959961,35.049312591552734,0,26,105.53026580810547,808.094970703125,27,6671
7583,33696000,36.215023040771484,34.134613037109375,0,26,283.7459411621094,827.87823486328125,27,304
6868,20044800,36.31592559814453,34.84292221069336,0,26,174.24012756347656,804.44183349609375,27,6869
5276,18316800,34.76055145263672,35.99878692626953,0,26,0,771.2059326171875,27,5277
7479,29203200,35.35977554321289,35.88115692138672,0,26,109.17139434814453,788.131591796875,27,200
4521,17539200,34.739234924316406,35.88004684448242,0,26,64.246856689453125,763.6129150390625,27,4522
6903,20131200,36.31222915649414,34.894283294677734,0,26,157.85977172851562,802.2213134765625,27,6904
6539,19699200,36.219093322753906,35.487911224365234,0,26,252.14381408691406,795.77435302734375,27,6540
2474,15292800,34.48651885986328,35.86610794067383,0,26,10.626410484313965,773.19775390625,27,2475
1811,14601600,34.534706115722656,35.84355545043945,0,26,95.66939544677734,772.5386962890625,27,1812
6920,20131200,36.36676788330078,34.83799743652344,0,26,155.27574157714844,798.02001953125,27,6921
1900,14688000,34.6275749206543,35.793087005615234,0,26,238.03961181640625,778.24761962890625,27,1901
6027,19180800,36.34872817993164,35.5649528503418,0,26,124.60269165039062,799.099853515625,27,6028
6473,19612800,36.30887985229492,35.4182014465332,0,26,163.49659729003906,802.20184326171875,27,6474
3816,16761600,34.88783645629883,35.87271499633789,0,26,11.774073600769043,773.18206787109375,27,3817
6032,19180800,36.1607551574707,35.65705871582031,0,26,269.9524230957031,794.17724609375,27,6033
6968,20217600,34.486236572265625,35.71393585205078,0,26,306.1930236816406,782.44036865234375,27,6969
6804,20044800,36.37240982055664,35.24745559692383,0,26,89.3420639038086,800.022705078125,27,6805
5517,18576000,34.83174514770508,35.845977783203125,0,26,89.554412841796875,765.147216796875,27,5518
1767,14601600,34.745296478271484,35.93681716918945,0,26,9.18720817565918,771.74603271484375,27,1768
5958,19094400,36.162296295166016,35.53094482421875,0,26,308.0664978027344,796.0374755859375,27,5959
4856,17884800,35.40833282470703,35.737613677978516,0,26,301.8485107421875,774.62744140625,27,4857
6801,20044800,36.30621337890625,35.539703369140625,0,26,150.4796600341797,797.23004150390625,27,6802
7444,27734400,34.51396560668945,35.97858428955078,0,26,0,768.88775634765625,27,165
7253,20476800,34.53345489501953,35.79317092895508,0,26,195.28244018554688,779.5745849609375,27,7254
6542,19699200,36.30499267578125,35.38634490966797,0,26,166.77243041992187,797.91925048828125,27,6543
1680,14515200,34.70798873901367,35.80241394042969,0,26,265.2319641113281,774.474365234375,27,1681
6907,20131200,36.28050994873047,34.930511474609375,0,26,162.52064514160156,804.00457763671875,27,6908
6763,19958400,34.999698638916016,35.90749740600586,0,26,0,774.08612060546875,27,6764
4340,17366400,35.06077194213867,35.86330795288086,0,26,104.00584411621094,775.52392578125,27,4341
2190,15033600,34.541290283203125,35.95615005493164,0,26,4.382657051086426,766.104248046875,27,2191
5373,18489600,34.96732711791992,35.87226867675781,0,26,18.87984275817871,774.76434326171875,27,5374
4523,17539200,34.683528900146484,35.875885009765625,0,26,115.68504333496094,764.58001708984375,27,4524
1928,14774400,34.61597442626953,35.92158508300781,0,26,29.29192543029785,766.99359130859375,27,1929
6757,19958400,36.38555145263672,34.83995819091797,0,26,144.8978729248047,810.963623046875,27,6758
4527,17539200,35.484283447265625,35.6893196105957,0,26,289.0547180175781,785.2967529296875,27,4528
4332,17366400,35.4793586730957,35.721214294433594,0,26,126.0360107421875,777.82159423828125,27,4333
3224,16156800,34.76422882080078,35.809974670410156,0,26,250.20997619628906,767.32421875,27,3225
7003,20217600,36.380611419677734,35.04737854003906,0,26,98.58495330810547,802.99761962890625,27,7004
5514,18576000,34.701744079589844,35.91119384765625,0,26,48.363155364990234,769.27923583984375,27,5515
4636,17625600,34.70479965209961,35.92151641845703,0,26,33.45185089111328,772.930419921875,27,4637
2377,15206400,34.7778205871582,35.84861755371094,0,26,92.206878662109375,766.82086181640625,27,2378
2004,14860800,34.54643630981445,35.902400970458984,0,26,35.36577606201172,768.25006103515625,27,2005
5437,18489600,34.73545837402344,35.90028381347656,0,26,41.601661682128906,765.72760009765625,27,5438
6554,19699200,36.35057067871094,35.29201889038086,0,26,111.0887222290039,803.46490478515625,27,6555
6978,20217600,36.35835266113281,34.8486328125,0,26,155.84423828125,810.74810791015625,27,6979
7516,30844800,36.27457809448242,35.737953186035156,0,26,102.69363403320312,793.3453369140625,27,237
6689,19872000,36.30661392211914,35.187278747558594,0,26,102.3814926147461,803.166015625,27,6690
3709,16675200,35.45822525024414,35.707008361816406,0,26,231.98495483398438,775.87274169921875,27,3710
7462,28512000,36.112369537353516,35.71915054321289,0,26,250.36521911621094,852.223388671875,27,183
1866,14688000,34.61745071411133,35.79267501831055,0,26,241.03587341308594,772.2137451171875,27,1867
7064,20304000,36.3280143737793,35.413692474365234,0,26,148.36822509765625,797.3406982421875,27,7065
466,13132800,34.734500885009766,35.793609619140625,0,26,311.1811828613281,773.93145751953125,27,467
6406,19612800,36.21717834472656,35.515045166015625,0,26,245.7252655029297,793.1134033203125,27,6407
2017,14860800,34.629878997802734,35.821250915527344,0,26,185.95179748535156,772.0732421875,27,2018
4138,17107200,35.40007781982422,35.765380859375,0,26,311.2787170410156,779.4058837890625,27,4139
1898,14688000,34.657413482666016,35.84148025512695,0,26,163.58853149414062,773.25238037109375,27,1899
7091,20304000,36.389739990234375,34.80717468261719,0,26,156.19776916503906,806.26055908203125,27,7092
2051,14860800,34.63772964477539,35.81588363647461,0,26,197.21681213378906,766.67694091796875,27,2052
7362,24192000,34.49319076538086,35.84160614013672,0,26,28.750473022460937,772.10662841796875,27,83
6703,19872000,36.28190994262695,35.34442901611328,0,26,189.35992431640625,792.803955078125,27,6704
2395,15206400,34.5816535949707,35.90700149536133,0,26,35.54827117919922,764.5880126953125,27,2396
3701,16675200,35.25081253051758,35.864559173583984,0,26,300.6904602050781,775.083251953125,27,3702
6853,20044800,36.38419723510742,35.168392181396484,0,26,92.809112548828125,802.0791015625,27,6854
6765,19958400,36.315921783447266,35.52645492553711,0,26,146.57577514648437,796.0048828125,27,6766
5179,18230400,35.514102935791016,35.70553207397461,0,26,165.049560546875,779.63800048828125,27,5180
6833,20044800,36.37147521972656,34.925193786621094,0,26,120.9227066040039,808.067138671875,27,6834
6089,19267200,36.32180404663086,35.58100509643555,0,26,134.34112548828125,801.345703125,27,6090
2353,15206400,34.78321075439453,35.81664276123047,0,26,219.2386016845703,771.66009521484375,27,2354
5586,18662400,34.907466888427734,35.829959869384766,0,26,176.1206817626953,774.0216064453125,27,5587
5156,18230400,34.72751235961914,35.913536071777344,0,26,27.827545166015625,770.4718017578125,27,5157
6570,19785600,36.352901458740234,35.52053451538086,0,26,128.58267211914062,797.74591064453125,27,6571
1943,14774400,34.77957534790039,35.87752151489258,0,26,35.93535614013672,768.68377685546875,27,1944
6794,19958400,36.35048294067383,34.92792510986328,0,26,129.35768127441406,801.67950439453125,27,6795
6622,19785600,36.34390640258789,35.14982223510742,0,26,98.96175384521484,802.20111083984375,27,6623
6785,19958400,36.374263763427734,35.341583251953125,0,26,113.34911346435547,803.21917724609375,27,6786
6959,20131200,36.4228515625,34.81658935546875,0,26,136.92129516601562,801.69158935546875,27,6960
7609,3283200,34.94498062133789,35.84721374511719,0,26,141.73289489746094,769.4903564453125,27,26
2013,14860800,34.76991271972656,35.83467102050781,0,26,123.98117065429687,771.82452392578125,27,2014
1490,14256000,34.48548126220703,35.9080696105957,0,26,4.638079643249512,771.00372314453125,27,1491
1949,14774400,34.68512725830078,35.786983489990234,0,26,291.01953125,773.9071044921875,27,1950
7062,20304000,36.47120666503906,35.15419006347656,0,26,61.580867767333984,801.74853515625,27,7063
7385,25142400,34.48967742919922,35.838584899902344,0,26,22.330806732177734,769.55181884765625,27,106
3829,16761600,35.60654830932617,35.758724212646484,0,26,12.881758689880371,785.71527099609375,27,3830
6876,20044800,36.34247970581055,34.921817779541016,0,26,134.4427032470703,804.34222412109375,27,6877
5270,18316800,34.97187805175781,35.875667572021484,0,26,0,773.9674072265625,27,5271
7492,29808000,36.28025436401367,35.52353286743164,0,26,169.8750762939453,810.48809814453125,27,213
7401,25833600,34.74814224243164,35.8669319152832,0,26,79.1526107788086,765.8463134765625,27,122
7075,20304000,35.43169021606445,35.790157318115234,0,26,158.80947875976562,786.21014404296875,27,7076
6593,19785600,36.2691535949707,35.254417419433594,0,26,179.08119201660156,793.7188720703125,27,6594
395,13046400,34.764286041259766,35.84123992919922,0,26,116.5567626953125,777.90435791015625,27,396
1835,14601600,34.6263427734375,35.87785339355469,0,26,91.1356430053711,775.00799560546875,27,1836
7508,30499200,36.54730224609375,34.84966278076172,0,26,75.81285095214844,871.57196044921875,27,229
4514,17539200,34.917694091796875,35.84354782104492,0,26,123.2253646850586,776.43511962890625,27,4515
7468,28771200,36.39375305175781,34.68315887451172,0,26,209.60316467285156,869.375,27,189
1845,14688000,34.657474517822266,35.82670211791992,0,26,187.6665496826172,770.60198974609375,27,1846
4488,17539200,35.431373596191406,35.69883728027344,0,26,344.9656677246094,781.197509765625,27,4489
6546,19699200,36.30129623413086,35.40384292602539,0,26,170.9808349609375,802.22711181640625,27,6547
366,13046400,34.53263473510742,35.91453552246094,0,26,26.260250091552734,769.4713134765625,27,367
6886,20131200,36.251243591308594,34.99193572998047,0,26,156.91445922851562,799.5643310546875,27,6887
5173,18230400,34.606109619140625,35.89616394042969,0,26,54.334659576416016,769.73797607421875,27,5174
7586,2332800,34.836326599121094,35.89310836791992,0,26,14.510290145874023,770.41717529296875,27,3
6614,19785600,36.18931579589844,35.58713912963867,0,26,277.7350158691406,792.8800048828125,27,6615
6601,19785600,36.366207122802734,35.07754135131836,0,26,98.06102752685547,805.48468017578125,27,6602
6709,19872000,36.34930419921875,35.17718505859375,0,26,95.92090606689453,806.6827392578125,27,6710
6638,19785600,36.290550231933594,35.491127014160156,0,26,170.3236846923828,798.96533203125,27,6639
1794,14601600,34.931915283203125,35.8466911315918,0,26,122.6295166015625,773.88165283203125,27,1795
6084,19267200,36.31099319458008,35.539485931396484,0,26,147.70697021484375,801.5552978515625,27,6085
7514,30758400,36.460506439208984,35.04652786254883,0,26,76.96405029296875,808.1890869140625,27,235
2514,15379200,34.725914001464844,35.83487319946289,0,26,169.64669799804687,764.9825439453125,27,2515
6672,19872000,36.22639465332031,35.52104187011719,0,26,232.22093200683594,797.56988525390625,27,6673
6616,19785600,36.33966827392578,35.13945388793945,0,26,100.27452087402344,806.68206787109375,27,6617
7656,5356800,34.80449676513672,35.83110427856445,0,26,129.87742614746094,771.2862548828125,27,73
6577,19785600,36.39792251586914,35.12507247924805,0,26,90.1597671508789,805.71697998046875,27,6578
6037,19180800,36.2213249206543,35.57292175292969,0,26,237.2579345703125,788.02142333984375,27,6038
6938,20131200,36.4437141418457,34.684043884277344,0,26,188.13401794433594,809.91680908203125,27,6939
4458,17452800,35.452266693115234,35.70323181152344,0,26,272.2682800292969,782.25445556640625,27,4459
2224,15033600,34.68552780151367,35.799461364746094,0,26,258.06884765625,772.51531982421875,27,2225
1535,14342400,35.112159729003906,35.85698699951172,0,26,217.44834899902344,773.214111328125,27,1536
6557,19699200,36.31582260131836,35.343013763427734,0,26,154.11048889160156,807.43511962890625,27,6558
182,12873600,34.734901428222656,35.90830612182617,0,26,31.55916404724121,765.79736328125,27,183
6314,19440000,36.19120788574219,35.53681945800781,0,26,272.7448425292969,801.37664794921875,27,6315
1831,14601600,34.93116760253906,35.880226135253906,0,26,0,771.69085693359375,27,1832
1977,14774400,34.780887603759766,35.818572998046875,0,26,207.260009765625,772.6778564453125,27,1978
7481,29289600,34.810340881347656,36.00419616699219,0,26,0,772.96728515625,27,202
5320,18403200,34.8509635925293,35.81184387207031,0,26,273.9225769042969,772.1287841796875,27,5321
6307,19440000,36.26174545288086,35.5107536315918,0,26,191.36151123046875,795.83489990234375,27,6308
1580,14342400,34.7960090637207,35.84007263183594,0,26,103.83800506591797,770.46966552734375,27,1581
1839,14601600,34.668785095214844,35.837501525878906,0,26,174.28509521484375,771.11572265625,27,1840
2034,14860800,34.54993438720703,35.81147766113281,0,26,182.2084503173828,773.634033203125,27,2035
2118,14947200,34.699459075927734,36.01441955566406,0,26,0,772.673095703125,27,2119
1770,14601600,34.88681411743164,35.826297760009766,0,26,184.80880737304687,767.08416748046875,27,1771
1576,14342400,34.70646286010742,35.86126708984375,0,26,127.15758514404297,772.71044921875,27,1577
7117,20304000,36.3692741394043,35.09526443481445,0,26,96.071685791015625,796.887939453125,27,7118
6685,19872000,36.33565139770508,35.01250076293945,0,26,117.90007019042969,802.7452392578125,27,6686
7607,3196800,34.82341003417969,35.803218841552734,0,26,328.14642333984375,766.7037353515625,27,24
6746,19958400,36.285526275634766,35.12389373779297,0,26,112.5980224609375,797.224853515625,27,6747
4584,17625600,35.429447174072266,35.71485137939453,0,26,288.46295166015625,776.8695068359375,27,4585
7519,30931200,35.59130096435547,35.72869110107422,0,26,179.7974853515625,777.401611328125,27,240
41,12700800,34.78430938720703,35.8143310546875,0,26,233.27423095703125,772.4840087890625,27,42
6487,19699200,36.276126861572266,35.447265625,0,26,193.5054473876953,799.90814208984375,27,6488
6604,19785600,36.278709411621094,35.54832077026367,0,26,165.9810333251953,791.92333984375,27,6605
1991,14774400,34.8822135925293,35.813316345214844,0,26,276.9313049316406,768.66046142578125,27,1992
6885,20131200,36.35227584838867,34.93773651123047,0,26,126.04967498779297,802.6842041015625,27,6886
7807,11836800,34.556034088134766,35.8011474609375,0,26,220.2964324951172,768.208740234375,27,224
7039,20217600,36.435386657714844,35.07512283325195,0,26,82.46944427490234,801.371337890625,27,7040
7564,32918400,35.42092514038086,35.72402572631836,0,26,284.3831787109375,772.88250732421875,27,285
6551,19699200,36.267452239990234,35.4339714050293,0,26,203.49761962890625,795.43536376953125,27,6552
6495,19699200,36.34861373901367,35.29171371459961,0,26,112.60456085205078,803.0908203125,27,6496
2534,15379200,34.756065368652344,35.80160140991211,0,26,289.4008483886719,768.5609130859375,27,2535
6829,20044800,36.2746467590332,35.003265380859375,0,26,142.03659057617187,808.01611328125,27,6830
7182,20390400,36.37286376953125,35.30259323120117,0,26,102.79163360595703,796.993408203125,27,7183
6649,19872000,36.38384246826172,34.88210678100586,0,26,131.4862518310547,815.0283203125,27,6650
6636,19785600,36.30406188964844,35.37549591064453,0,26,167.58767700195312,794.48785400390625,27,6637
7030,20217600,36.393123626708984,34.86083221435547,0,26,134.41033935546875,803.4088134765625,27,7031
6728,19958400,36.44150924682617,34.822017669677734,0,26,126.04219055175781,810.65264892578125,27,6729
6256,19440000,36.19968795776367,35.54354476928711,0,26,260.65240478515625,797.31671142578125,27,6257
5411,18489600,35.46421432495117,35.725433349609375,0,26,159.95582580566406,779.2945556640625,27,5412
6578,19785600,36.38494873046875,35.28260040283203,0,26,91.68692779541016,803.41656494140625,27,6579
6156,19267200,36.29197692871094,35.4625358581543,0,26,176.1548309326172,807.3319091796875,27,6157
7589,2419200,34.80018997192383,35.84397888183594,0,26,94.52806091308594,770.62628173828125,27,6
6926,20131200,36.26524353027344,34.98685073852539,0,26,151.51812744140625,798.23663330078125,27,6927
6776,19958400,36.33607482910156,35.002933502197266,0,26,119.07967376708984,801.19647216796875,27,6777
6661,19872000,36.28156280517578,35.58366775512695,0,26,163.17666625976563,797.2744140625,27,6662
6129,19267200,36.19780349731445,35.670082092285156,0,26,229.3021697998047,790.9453125,27,6130
1826,14601600,34.76235580444336,35.79682159423828,0,26,315.1602478027344,769.0587158203125,27,1827
6832,20044800,36.41468048095703,34.78681945800781,0,26,154.20846557617187,815.8358154296875,27,6833
7000,20217600,34.7965202331543,35.85089874267578,0,26,81.58293914794922,775.44659423828125,27,7001
6745,19958400,36.343505859375,35.16598892211914,0,26,98.451629638671875,801.89093017578125,27,6746
7042,20304000,36.388710021972656,34.90135955810547,0,26,121.53514099121094,807.23480224609375,27,7043
6515,19699200,36.37847137451172,35.135581970214844,0,26,93.53564453125,811.92303466796875,27,6516
6607,19785600,36.327877044677734,35.168663024902344,0,26,101.23239135742187,798.21380615234375,27,6608
7692,6912000,34.65610122680664,35.9496955871582,0,26,14.739527702331543,763.627197265625,27,109
3342,16243200,34.64337158203125,35.93288803100586,0,26,29.70789909362793,767.87890625,27,3343
1623,14428800,34.766448974609375,35.811302185058594,0,26,243.333984375,771.8436279296875,27,1624
6613,19785600,36.21935272216797,35.49227523803711,0,26,250.3766632080078,794.21234130859375,27,6614
2422,15292800,34.79623031616211,35.825286865234375,0,26,168.95779418945312,766.80157470703125,27,2423
7505,30326400,34.94418716430664,35.88642501831055,0,26,0,771.897705078125,27,226
2062,14860800,34.730995178222656,35.81019973754883,0,26,250.60882568359375,775.75238037109375,27,2063
7541,31881600,36.01585388183594,35.76532745361328,0,26,279.1525573730469,824.8199462890625,27,262
6738,19958400,36.31902313232422,35.10804748535156,0,26,107.4896240234375,807.9853515625,27,6739
6739,19958400,36.318214416503906,35.13786315917969,0,26,105.08939361572266,798.29583740234375,27,6740
1887,14688000,34.62974548339844,35.9498176574707,0,26,14.465556144714355,774.503173828125,27,1888
5228,18316800,34.5938835144043,35.833290100097656,0,26,148.5668182373047,768.57391357421875,27,5229
4786,17798400,34.65180587768555,35.84569549560547,0,26,154.99493408203125,769.41357421875,27,4787
7693,6912000,34.63119888305664,35.8876838684082,0,26,80.1303939819336,766.46307373046875,27,110
2438,15292800,34.70900344848633,35.811519622802734,0,26,240.51171875,771.528076171875,27,2439
6408,19612800,36.266937255859375,35.51806640625,0,26,182.60052490234375,796.78466796875,27,6409
6611,19785600,36.19599533081055,35.53037643432617,0,26,268.16259765625,790.79229736328125,27,6612
2107,14947200,34.49734115600586,35.84761428833008,0,26,34.56525802612305,770.76959228515625,27,2108
7387,25228800,34.55605697631836,35.84477615356445,0,26,112.36746215820312,772.99359130859375,27,108
6856,20044800,36.17884063720703,35.67619323730469,0,26,240.47274780273437,793.84130859375,27,6857
5658,18748800,34.649696350097656,35.80719757080078,0,26,215.1114959716797,764.2152099609375,27,5659
106,12787200,34.751625061035156,35.80735397338867,0,26,262.3034973144531,768.6019287109375,27,107
1902,14688000,34.69301223754883,35.88046646118164,0,26,104.13133239746094,767.23388671875,27,1903
2001,14860800,34.49810791015625,35.811710357666016,0,26,61.10634231567383,773.5416259765625,27,2002
6940,20131200,36.41278839111328,34.865806579589844,0,26,124.48468780517578,801.16796875,27,6941
6003,19180800,36.13068771362305,35.623226165771484,0,26,322.28839111328125,798.19146728515625,27,6004
7097,20304000,36.40116500854492,35.42941665649414,0,26,104.652099609375,794.8189697265625,27,7098
6637,19785600,36.161651611328125,35.57931900024414,0,26,311.9333190917969,790.51458740234375,27,6638
6639,19785600,36.24618911743164,35.53965377807617,0,26,201.425537109375,797.10772705078125,27,6640
2334,15206400,34.747379302978516,35.98031997680664,0,26,0,769.128173828125,27,2335
6481,19699200,36.24205780029297,35.47163772583008,0,26,228.55050659179687,795.518310546875,27,6482
1955,14774400,34.68208694458008,35.90867614746094,0,26,61.34492874145508,770.786376953125,27,1956
6960,20217600,36.42600631713867,34.75542449951172,0,26,164.39266967773437,805.32611083984375,27,6961
1923,14774400,34.69886779785156,35.801055908203125,0,26,263.3720397949219,772.37872314453125,27,1924
7002,20217600,36.36503219604492,35.00485610961914,0,26,108.27616119384766,796.703125,27,7003
7074,20304000,34.7609748840332,35.83587646484375,0,26,131.2796630859375,765.8856201171875,27,7075
6560,19785600,36.36920928955078,35.13302993774414,0,26,94.95159912109375,807.8232421875,27,6561
6144,19267200,36.127079010009766,35.59428405761719,0,26,349.41082763671875,793.6953125,27,6145
1821,14601600,34.80134963989258,35.90725326538086,0,26,9.146665573120117,774.94622802734375,27,1822
6764,19958400,35.60890579223633,35.73806381225586,0,26,151.75680541992187,779.906005859375,27,6765
7808,11923200,34.419193267822266,35.84626770019531,0,26,0,772.02728271484375,27,225
5528,18662400,34.65675354003906,35.86891555786133,0,26,120.53617095947266,767.3262939453125,27,5529
6602,19785600,36.54889678955078,34.84208297729492,0,26,76.40617370605469,817.48907470703125,27,6603
7802,11664000,34.396785736083984,35.70824432373047,0,26,219.8901824951172,762.86126708984375,27,219
7438,27475200,34.306434631347656,35.648895263671875,0,26,138.71157836914062,783.09539794921875,27,159
1854,14688000,34.6870231628418,35.836761474609375,0,26,182.71974182128906,774.51995849609375,27,1855
6693,19872000,36.29780578613281,35.569976806640625,0,26,151.6892547607422,795.57501220703125,27,6694
6404,19612800,36.31387710571289,35.304988861083984,0,26,146.04183959960937,798.32012939453125,27,6405
6742,19958400,36.17014694213867,35.58778381347656,0,26,299.9372863769531,796.094970703125,27,6743
6490,19699200,36.308204650878906,35.3056526184082,0,26,152.26998901367187,797.4534912109375,27,6491
6908,20131200,36.467254638671875,34.85036849975586,0,26,106.51033782958984,813.30303955078125,27,6909
6562,19785600,36.289306640625,35.32134246826172,0,26,177.56655883789063,796.4166259765625,27,6563
6970,20217600,36.41690444946289,34.804744720458984,0,26,144.93399047851563,802.9405517578125,27,6971
7636,4492800,34.74928665161133,35.8553466796875,0,26,102.66280364990234,768.809326171875,27,53
2007,14860800,34.679691314697266,35.85200881958008,0,26,154.47384643554687,768.45855712890625,27,2008
6579,19785600,36.352012634277344,35.20587921142578,0,26,91.91320037841797,799.1024169921875,27,6580
6928,20131200,36.42893981933594,34.652652740478516,0,26,205.34007263183594,817.99945068359375,27,6929
1936,14774400,34.68329620361328,35.88924026489258,0,26,93.59049224853516,768.145263671875,27,1937
6028,19180800,36.14812088012695,35.59649658203125,0,26,319.2915954589844,796.19287109375,27,6029
6900,20131200,36.37405014038086,35.280006408691406,0,26,95.73992919921875,795.27392578125,27,6901
6836,20044800,36.36033248901367,34.974308013916016,0,26,114.72616577148437,809.22064208984375,27,6837
6531,19699200,36.29643630981445,35.45246124267578,0,26,173.27163696289062,798.25518798828125,27,6532
7640,4665600,34.67326736450195,35.94020080566406,0,26,22.255184173583984,772.4449462890625,27,57
7562,32832000,36.18242645263672,35.43987274169922,0,26,313.4680480957031,813.932861328125,27,283
280,12960000,34.72024154663086,35.83610153198242,0,26,169.50778198242187,776.47772216796875,27,281
6747,19958400,36.368309020996094,35.160606384277344,0,26,94.81514739990234,807.39825439453125,27,6748
1822,14601600,34.84105682373047,35.83340072631836,0,26,119.49938201904297,774.71209716796875,27,1823
1901,14688000,34.6350212097168,35.83012771606445,0,26,171.8960723876953,769.45428466796875,27,1902
2161,15033600,34.733089447021484,35.878021240234375,0,26,72.25083923339844,772.802734375,27,2162
7354,23846400,34.49009323120117,35.83890914916992,0,26,23.12688636779785,777.91650390625,27,75
2413,15292800,34.62821578979492,35.85626220703125,0,26,126.38737487792969,770.17889404296875,27,2414
5412,18489600,34.76217269897461,35.88043212890625,0,26,44.01070785522461,767.67242431640625,27,5413
4554,17539200,34.87498474121094,36.02969741821289,0,26,0,770.65966796875,27,4555
7391,25401600,34.75753402709961,35.9095458984375,0,26,20.908769607543945,769.42816162109375,27,112
357,13046400,34.588844299316406,35.90485763549805,0,26,39.2608642578125,773.45501708984375,27,358
4415,17452800,36.069583892822266,35.761451721191406,0,26,259.2975158691406,795.54095458984375,27,4416
6740,19958400,36.336246490478516,35.09696578979492,0,26,103.92451477050781,795.956298828125,27,6741
6158,19267200,36.24656677246094,35.6347541809082,0,26,197.5955047607422,795.631103515625,27,6159
4688,17712000,35.40886688232422,35.751216888427734,0,26,283.65582275390625,776.54644775390625,27,4689
1960,14774400,34.66492462158203,35.836204528808594,0,26,174.83551025390625,772.54901123046875,27,1961
6790,19958400,36.24789047241211,35.56765365600586,0,26,201.68589782714844,802.17340087890625,27,6791
3969,16934400,35.50962829589844,35.71419906616211,0,26,121.5465087890625,782.1175537109375,27,3970
6990,20217600,36.44774627685547,35.28176498413086,0,26,59.347251892089844,797.81982421875,27,6991
6501,19699200,36.33661651611328,35.028839111328125,0,26,115.27413940429687,805.00238037109375,27,6502
5337,18403200,34.97663497924805,35.837162017822266,0,26,290.0995178222656,773.7757568359375,27,5338
4862,17884800,35.40269470214844,35.778236389160156,0,26,287.14422607421875,775.8382568359375,27,4863
4172,17193600,35.644020080566406,35.74708938598633,0,26,302.4421081542969,777.74053955078125,27,4173
6845,20044800,36.31875228881836,35.14862060546875,0,26,104.38311767578125,800.07623291015625,27,6846
5493,18576000,34.718505859375,36.006587982177734,0,26,0,771.21783447265625,27,5494
6992,20217600,36.40098190307617,34.654483795166016,0,26,215.2706298828125,806.425048828125,27,6993
7393,25488000,34.79826354980469,35.86304473876953,0,26,56.24757766723633,771.781494140625,27,114
6441,19612800,36.297298431396484,35.41108703613281,0,26,175.07632446289062,797.25079345703125,27,6442
6676,19872000,36.355987548828125,35.25220489501953,0,26,93.86546325683594,807.455078125,27,6677
6096,19267200,36.260955810546875,35.5533561706543,0,26,183.48622131347656,798.72247314453125,27,6097
6720,19958400,36.34235763549805,35.09439468383789,0,26,102.40675354003906,802.19720458984375,27,6721
3663,16588800,35.419010162353516,35.72120666503906,0,26,295.2745361328125,778.03460693359375,27,3664
6598,19785600,36.269779205322266,35.40147399902344,0,26,203.74037170410156,798.78643798828125,27,6599
4635,17625600,34.857177734375,35.92017364501953,0,26,0,772.23468017578125,27,4636
6788,19958400,36.45779037475586,34.77014923095703,0,26,139.97219848632812,809.3748779296875,27,6789
6954,20131200,35.43697738647461,35.711856842041016,0,26,284.6995544433594,790.69586181640625,27,6955
6796,19958400,36.32972717285156,35.250057220458984,0,26,103.8042221069336,803.92132568359375,27,6797
6343,19526400,36.27117919921875,35.46332931518555,0,26,195.69229125976563,794.4859619140625,27,6344
6544,19699200,36.28877639770508,35.38935852050781,0,26,184.43284606933594,800.90771484375,27,6545
6889,20131200,35.1047477722168,35.92451858520508,0,26,0,779.17108154296875,27,6890
6762,19958400,36.364051818847656,35.323631286621094,0,26,115.79851531982422,793.4716796875,27,6763
6631,19785600,36.33619689941406,34.96843719482422,0,26,125.77955627441406,806.95037841796875,27,6632
7521,31017600,36.17034149169922,35.810523986816406,0,26,181.74514770507812,807.2581787109375,27,242
7475,29030400,34.71821594238281,36.03475570678711,0,26,0,781.36041259765625,27,196
5381,18489600,34.720394134521484,35.89480972290039,0,26,59.450721740722656,768.24530029296875,27,5382
2350,15206400,34.67824172973633,35.82902526855469,0,26,193.4227752685547,770.00347900390625,27,2351
6431,19612800,36.192481994628906,35.57645034790039,0,26,274.16973876953125,789.84222412109375,27,6432
2065,14860800,34.70332717895508,35.81781005859375,0,26,222.5701141357422,771.53216552734375,27,2066
6567,19785600,36.170440673828125,35.59805679321289,0,26,294.39947509765625,788.11541748046875,27,6568
5398,18489600,34.88039016723633,35.83417892456055,0,26,129.1660614013672,768.2445068359375,27,5399
6814,20044800,36.415496826171875,35.10107421875,0,26,86.39002227783203,802.7982177734375,27,6815
6875,20044800,36.33411407470703,35.02137756347656,0,26,117.2081527709961,800.8865966796875,27,6876
7011,20217600,36.38746643066406,35.0034294128418,0,26,100.69205474853516,806.92474365234375,27,7012
2154,14947200,34.58635711669922,35.84977340698242,0,26,116.85917663574219,771.51416015625,27,2155
7708,7603200,34.4039306640625,35.89625549316406,0,26,0,766.034423828125,27,125
2156,14947200,34.714210510253906,35.794776916503906,0,26,291.2550048828125,775.13128662109375,27,2157
6929,20131200,36.371829986572266,34.7447624206543,0,26,191.14564514160156,808.36077880859375,27,6930
4341,17366400,34.829322814941406,35.89799880981445,0,26,11.726034164428711,770.8160400390625,27,4342
6841,20044800,36.356048583984375,35.42185974121094,0,26,127.74898529052734,796.95611572265625,27,6842
7733,8640000,34.3572883605957,35.66509246826172,0,26,336.0215148925781,774.39007568359375,27,150
6817,20044800,36.41437911987305,35.25794982910156,0,26,75.80345153808594,803.0955810546875,27,6818
6555,19699200,36.30927658081055,35.323917388916016,0,26,156.5331268310547,800.9884033203125,27,6556
112,12787200,34.58530807495117,35.91230773925781,0,26,30.424001693725586,763.30377197265625,27,113
5460,18576000,34.711341857910156,35.860939025878906,0,26,124.1585922241211,765.5921630859375,27,5461
1741,14515200,34.626224517822266,35.82524490356445,0,26,177.375244140625,772.26708984375,27,1742
6715,19872000,36.3338737487793,35.10897445678711,0,26,103.55628204345703,804.42236328125,27,6716
7141,20390400,36.31095886230469,35.0847282409668,0,26,112.50174713134766,799.3587646484375,27,7142
7445,27734400,34.46689224243164,35.78897476196289,0,26,7.772060871124268,779.58935546875,27,166
6831,20044800,36.34768295288086,35.09084701538086,0,26,101.12194061279297,804.13311767578125,27,6832
4724,17798400,35.40232467651367,35.73643493652344,0,26,325.34576416015625,771.84429931640625,27,4725
307,12960000,34.608760833740234,35.96101760864258,0,26,7.393158912658691,768.11529541015625,27,308
7012,20217600,36.30665588378906,34.91115188598633,0,26,154.3984375,807.6971435546875,27,7013
4323,17366400,35.4875373840332,35.6841926574707,0,26,332.8081970214844,776.5003662109375,27,4324
6966,20217600,36.3437385559082,34.779048919677734,0,26,185.73812866210937,812.36016845703125,27,6967
6493,19699200,36.168514251708984,35.47665786743164,0,26,318.8479309082031,791.98358154296875,27,6494
7013,20217600,36.41811752319336,34.79882049560547,0,26,147.03067016601562,812.31280517578125,27,7014
5283,18403200,36.06041717529297,35.69898223876953,0,26,302.6376037597656,786.36505126953125,27,5284
6138,19267200,36.366390228271484,35.485042572021484,0,26,122.84503173828125,800.6475830078125,27,6139
7139,20390400,35.38748550415039,35.790550231933594,0,26,339.09527587890625,781.49822998046875,27,7140
4067,17020800,35.41953659057617,35.747310638427734,0,26,239.17202758789062,781.16400146484375,27,4068
6808,20044800,36.37496566772461,34.974952697753906,0,26,108.95516204833984,802.67071533203125,27,6809
7404,26006400,34.7100830078125,35.848045349121094,0,26,150.4895782470703,770.0936279296875,27,125
6485,19699200,36.14719772338867,35.515403747558594,0,26,327.72283935546875,792.2445068359375,27,6486
7458,28339200,34.61737823486328,35.91269302368164,0,26,38.05389404296875,794.346923828125,27,179
6574,19785600,36.363739013671875,35.17107009887695,0,26,94.70988464355469,797.79119873046875,27,6575
2292,15120000,34.74569320678711,35.819156646728516,0,26,212.5648956298828,778.38543701171875,27,2293
6641,19872000,36.31806945800781,35.37095260620117,0,26,154.02542114257812,791.18756103515625,27,6642
6827,20044800,36.28876876831055,34.94302749633789,0,26,154.14700317382812,804.74066162109375,27,6828
1873,14688000,34.75511169433594,35.901981353759766,0,26,29.209251403808594,772.28466796875,27,1874
7690,6825600,34.6484489440918,35.92518997192383,0,26,36.90765380859375,767.85455322265625,27,107
7378,24883200,34.35526657104492,35.744022369384766,0,26,19.553951263427734,771.90155029296875,27,99
5280,18403200,34.7578239440918,35.903987884521484,0,26,25.940671920776367,767.59857177734375,27,5281
5096,18144000,36.2467041015625,35.67310333251953,0,26,175.26364135742187,787.4718017578125,27,5097
7376,24796800,34.513641357421875,35.80062484741211,0,26,128.3994140625,778.62158203125,27,97
6995,20217600,36.4249382019043,34.51374435424805,0,26,254.13597106933594,816.86871337890625,27,6996
7668,5875200,34.8525276184082,35.90494918823242,0,26,6.886849880218506,766.79010009765625,27,85
1988,14774400,34.6466178894043,35.90236282348633,0,26,66.23017120361328,771.5010986328125,27,1989
6793,19958400,36.42132568359375,34.84921646118164,0,26,125.63504791259766,812.54010009765625,27,6794
7073,20304000,36.32117462158203,34.98194122314453,0,26,129.1645050048828,808.53497314453125,27,7074
7602,3024000,36.4018440246582,34.230384826660156,0,26,171.83872985839844,814.70361328125,27,19
7483,29376000,36.36979675292969,35.26552200317383,0,26,93.85191345214844,836.9429931640625,27,204
5231,18316800,35.39820861816406,35.73952865600586,0,26,339.4179382324219,776.1854248046875,27,5232
3762,16761600,34.926570892333984,35.823822021484375,0,26,248.19004821777344,770.17449951171875,27,3763
2116,14947200,34.73101806640625,35.84284210205078,0,26,148.74176025390625,770.931884765625,27,2117
6695,19872000,36.33897018432617,35.36402893066406,0,26,139.3677215576172,795.70098876953125,27,6696
4304,17280000,35.51559829711914,35.69956970214844,0,26,226.53262329101562,783.49920654296875,27,4305
5241,18316800,34.913421630859375,35.88637161254883,0,26,0,774.79217529296875,27,5242
6803,20044800,36.40995407104492,35.03076934814453,0,26,91.491241455078125,804.77410888671875,27,6804
6568,19785600,36.22196578979492,35.50721740722656,0,26,242.31687927246094,795.9259033203125,27,6569
6503,19699200,36.143558502197266,35.55095291137695,0,26,329.6445617675781,792.8321533203125,27,6504
6584,19785600,36.219078063964844,35.42076873779297,0,26,259.59649658203125,790.91375732421875,27,6585
6890,20131200,36.37247848510742,34.725440979003906,0,26,198.65087890625,801.98663330078125,27,6891
4144,17107200,36.043846130371094,35.72926330566406,0,26,293.0356750488281,780.8900146484375,27,4145
6824,20044800,36.21271896362305,35.59238815307617,0,26,248.64529418945312,784.88946533203125,27,6825
6045,19180800,36.26596450805664,35.63307189941406,0,26,169.42654418945312,800.09454345703125,27,6046
7811,12009600,34.630489349365234,35.87947082519531,0,26,91.564544677734375,770.377197265625,27,228
7094,20304000,36.26930236816406,34.94245147705078,0,26,164.6114044189453,802.37310791015625,27,7095
7405,26006400,34.66142272949219,35.84388732910156,0,26,161.29139709472656,773.12274169921875,27,126
2102,14947200,34.71567153930664,35.80021667480469,0,26,276.17828369140625,779.55377197265625,27,2103
7021,20217600,36.40934371948242,34.79415512084961,0,26,153.1525115966797,801.50115966796875,27,7022
7628,4147200,36.16902160644531,34.01884078979492,0,26,114.87660217285156,828.23016357421875,27,45
6088,19267200,36.15201950073242,35.567230224609375,0,26,321.8577575683594,789.52850341796875,27,6089
6948,20131200,36.35306930541992,34.93413162231445,0,26,126.62747192382812,802.93707275390625,27,6949
4433,17452800,35.53644561767578,35.6986083984375,0,26,278.9857177734375,782.40118408203125,27,4434
6734,19958400,36.402618408203125,35.265933990478516,0,26,82.172821044921875,802.2706298828125,27,6735
1950,14774400,34.65301513671875,35.77617645263672,0,26,300.7933349609375,769.37548828125,27,1951
1849,14688000,34.813575744628906,35.826812744140625,0,26,158.71249389648437,767.42791748046875,27,1850
2270,15120000,34.7828369140625,35.802242279052734,0,26,303.0125427246094,776.9197998046875,27,2271
7138,20390400,36.429588317871094,35.31591796875,0,26,72.63329315185547,797.7021484375,27,7139
4951,17971200,35.478878021240234,35.68506622314453,0,26,311.66021728515625,775.77294921875,27,4952
6743,19958400,36.3814697265625,34.87856674194336,0,26,134.02911376953125,800.27471923828125,27,6744
1994,14774400,34.67298126220703,35.88801193237305,0,26,93.62212371826172,766.36163330078125,27,1995
6444,19612800,36.26728820800781,35.42815017700195,0,26,204.06163024902344,794.0904541015625,27,6445
7681,6393600,34.318565368652344,35.73076248168945,0,26,9.011065483093262,770.30084228515625,27,98
6620,19785600,36.23555374145508,35.48497772216797,0,26,232.48646545410156,791.1607666015625,27,6621
7691,6825600,34.55514144897461,35.91698455810547,0,26,23.674278259277344,767.3826904296875,27,108
